,full_text
0,Bismillah  Keakraban Pak Anies dengan  awak media ğŸ‘  #AMINAjaDulu https://t.co/mRizLU92vU
1,Setuju Up Grade 40 Kota ?? ğŸ‘‰ Retweet https://t.co/fPb4FxuqCm
2,Minimal kalo Pak Anies jadi presiden  mata gue nggak sepet lagi setiap liat desain visual pemerintah. Keliatan banget tim brandingnya 01 itu berkelas.
3,pak Anies di Pasar Tempat Pelelangan ikan di Lamongan Jawa timur...Nelayan  Buruh  Petani  Akedemisi Guru  ibu Rumah tangga   UMKM serta berbagai kalangan masyarakat penuh harap negeri ini dapat mewujudkan perubahan hadirnya keadilan dan kesetaraan https://t.co/fsLe2n1Xgr
4,Mantul â˜ï¸dapur Amin Masyarakat Ibukota DKI  Jakarta   Ber Ramai2 Bergotong Royong  Ber Sedekah   Jum'at Berkah   untuk di Bagi2kan  Kepada Fakir Miskin   Koordinator nya Jum'at Berkah di Ibukota Jakarta   Dari Team Success  ReLawan  Anies Baswedan - Cak Imin ( AMIN).  ğŸ™ğŸ™ğŸ’â¤ï¸ https://t.co/IuvTxDiP4z
5,"Pas di Pasar Ikan tadi pagi juga banyak yg teriak Prabowo  terus Pak Anies bilang  Anda mau pilih 01  02  03 bebass. Saya kesini bukan mau kampanye. Saya mau tau masalah biar kalau bikin kebijakan itu nyambung"". Kemudian heningğŸ˜…ğŸ¤£ğŸ¤£ https://t.co/4XrxxDCaJs"""
6,Pasangan AMIN Dwitunggal No 1 ğŸ‘  Pasangan AMIN Anies Baswedan - Muhaimin Iskandar Hadiri acara Halaqah &amp; Dialog kebangsaan bersama Tokoh Tuban - Bojonegoro  #AMINAjaDulu  #AniesMuhaimin2024 https://t.co/QNCbLKDl7u
7,*Ketua Lembaga Kerapatan Adat Minangkabau (LKAM) di Sumbar menyerukan kpd seluruh orang Minang dimanapun berada agar satukan suara utk Anies...                 *Rancak Bana  Bravo Uda Jo UniğŸ¤²ğŸ™ğŸ‡®ğŸ‡©* https://t.co/DsmHwjzLeA
8,Maluku merupakan salah satu pulau di timur Indonesia yang terkenal dengan hasil lautnya. Dari sana  kami bertekad untuk melakukan pengelolaan yang bisa menjadi manfaat untuk menyejahterakan masyarakat Maluku sendiri. Berikut cuplikan visi AMIN untuk membangkitkan ekonomi maritimâ€¦ https://t.co/CoQPfvZoal
9,Beberapa hari ini di timeline saya kok adanya seputar Anies saja ya?  Prabowo &amp; Ganjar apakah tidak ada isu/berita baru setelah gelombang pasca debat cawapres surut mereda?  Apakah echo chamber aja atau memang ga ada isu/berita baru?
10,Para Nelayan rela tempuh 18 jam demi hadiri Desak Anies di Banyuwangi. MasyaAllah ğŸ‘ğŸ’¯  #AMINkanIndonesia https://t.co/Doqi2YX26x
11,Pak Anies Baswedan berdialog bersama para nelayan di TPI Brondong Lamongan..  Tujuan dialog ini adalah mendengarkan masalah yang dialami nelayan langsung agar kebijakan yang diambil nanti nyambung dengan permasalahan ğŸ‘  #AMINAjaDulu #AniesMuhaimin2024 https://t.co/H2463lj3JC
12,HIDUP LAGI CAPEK2NYA TAPI LO DAPET PETUAH DARI PAK ANIES LEWAT LIVE TIKTOK ğŸ˜­ğŸ˜­ğŸ™ğŸ™ğŸ’ªğŸ’ªğŸ’ª https://t.co/bLpQA3eYvL
13,Pak Anies Baswedan Dialog bersama Tokoh Tuban - Bojonegoro  #AMINAjaDulu  #AniesMuhaimin2024 https://t.co/ey6FVilcVi
14,Sekali lagi https://t.co/PZMv4BukOd Anies Baswedan dengan elegan memberi jawaban yg menohok ke jantung sasarannya  Fahri Hamzah jadi terlihat murah sekali.  Memang kata-kata itu lebih tajam dari silet  apa lagi jika yang disampaikan kebenaran..  Memang hebat pak Anies..ğŸ˜ğŸ‘ğŸ‘ https://t.co/KH9bCNm5HK
15,Belum lihat videonya utuh cuma dipangkal dah ada yg onani hadeuh...santai aja dulu wong Anies aja santai gitu kok  #AMINAjaDulu https://t.co/v7k7lHRTRm
16,Pagi ini Pak Anies Baswedan Kunjungi Pasar Ikan Lamongan  Jawa Timur  Semangat pak  terus sapa masyarakat akar rumput ğŸ’ª  #AMINAjaDulu  #AniesMuhaimin2024 https://t.co/2r41r9LaKf
17,Sebenarnya Anies lagi nyari gift buat modal kampanye  guys. Kabarnya besok juga akan mandi lumpur.
18,"Pak Anies : Modal kita itu DENGKUL PLUS"" pak  modalnya jalan saja keliling pergi kemana mana.   Kalau yang banyak uangnya yang pergi Balihonya  Balihonya dimana mana tp orangnya ga dimana mana.   #AMINAjaDulu  #AniesMuhaimin2024 https://t.co/9XBhtEFrRB"""
19,Anis dan jokowi sama sama dibantu prabowo menang pilgub dki. Dan dua duanya melawan prabowo di pilpres. Bedanya. Jokowi blm kelar jd gub dan anies tuntas 5 tahun baru maju.  Mau bilang anies penghianat? Trs jokowi apa?
20,Harapan itu ada  perubahan itu niscaya!   Anies Baswedan - Muhaimin Iskandar untuk Indonesia yang lebih baik! ğŸ’ªğŸ‡®ğŸ‡© https://t.co/yDYLAlJx2m
21,ğŸ¤²ğŸ¼ğŸ¤²ğŸ¼â˜ğŸ¼ğŸ¤²ğŸ¼ğŸ¤²ğŸ¼Gagasan brilliant Anies Baswedan dalam Hal Ketahanan Pangan https://t.co/fEYxXyi8JG
22,Jgn pilih paslon yg cuma mau disorot balihonya tanpa mau disorot isi kepalanya. Desak Anies adlh kampanye menaikkelaskan kualitas demokrasi. Menjengahkan kampanye show of force blayer motor rapat akbar  blusukan/bagi sembako/susu.Jgn mau lg kita dicekoki cara2yg menghina spt itu.
23,"Saya Rasa Ini Desak Anies"" Paling Keren Pas Masih Menjabat Gubernur DKI Jakarta https://t.co/7BUHTHZYCQ"""
24,[ Desak Anies ] Pendidikan Khusus Disabilitas https://t.co/ePwxuw5mE2
25,Anies sudah membuktikan maka akan sulit untuk dikalahkan Kecuali dengan Pemilu Curang..!! AMIN menang satu putaran..!! https://t.co/OCqZ1ecC6R
26,28 Des 2023  Banyuwangi emang luar biasa. Sambutan kpd Pasangan AMIN membludak.   Ribuan Massa memadati acara Pengajian bersama Pak Anies &amp; Gus Imin.   Pesan Perubahan menggema  Rakyat Banyuwangi siap mengantarkan AMIN sbg Pemenang Pemilu 2024.  #AMINAjaDulu #AniesMuhaimin2024 https://t.co/LT2iODa8dw
27,Ini namanya perjuangan rakyat!   Momen para relawan menyambut pak Anies Baswedan dengan membawa spanduk dari karung goni hasil iuran..  Luar biasa semangat perubahannya ğŸ‘  #AMINAjaDulu  #AniesMuhaimin2024 https://t.co/DBEV3k5jqy
28,Tempohr si Miftah lantang bilang Anies ga punya etika  pdhl dia sendiri yg ga punya etika.  Awak yakin mreka ngeles bilang itu sedekah. Memalukan &amp; menjijikkan! ğŸ¤£ğŸ¤£ğŸ¤£ğŸ‘ğŸ‘ğŸ‘ https://t.co/fMQaUDLgyN
29,Pokokee...WANI âœŠâœŠâœŠ RT kerassss https://t.co/eO4ykZU4fC
30,"Saya tidak khawatir  jika saya gagal mendapatkan apa yang sudah direncanakan Tapi saya lebih khawatir jika saya berhasil  namun dengan rencana yang terlalu rendah  Jujur kalau yg nonton live pak anies banyak bgt nasehat untuk anak muda terutama pemilih baruh  Desak anies #AMIN https://t.co/YPKacn8Rpm"""
31,Animo masyarakat Banyuwangi Jawa timur begitu Kuat Mengikuti acara Desak Anies...dalam acara Desak Anies kali ini Edisi Spesial Para Nelayan...  Kamis 28 Desember 2023 https://t.co/mY1lZNAipA
32,Buktikan Rujak dapat proyek di masa Gubernur Anies.  Fitnah.  Pembuktian ada di Anda.
33,Pemilu di Indonesia adalah sekolah paling unik di dunia. Peserta didiknya 204 jt orang lebih. Gurunya para elit yg peduli nasib bangsa. Alhamdulillah Mas Anies dan tim Desak Anies mengembalikan marwah demokrasi Indonesia. Rakyat Indonesia cerdik dan bijak. Pencitraan  joget2 danâ€¦ https://t.co/cKXIyjbgCW
34,Lambe Waras: Anies Mulai Mengudara Di Tiktok Untuk Mengubah Polapikir Anak Muda Yang Tadinya Teracuni Dengan Cungar Cengir dan Jogad Joged Sehingga Menjadi Terbuka Wawasannya Untuk Berpikir Tentang PERUBAHAN INDONESIA.  #AMINAjaDulu
35,"Anies: Pesan Perubahan Makin Diterima Masyarakat  ...Survey bilang kita diposisi nomor 2 Alhamdulillah dikatakan diposisi nomor 3 Alhamdulillah karena kita menyaksikan betul makin hari keinginan untuk perubahan itu makin banyak yg menyambut dengan positif..."" Anies Baswedan https://t.co/cOAVCj2ksx"""
36,Kalaupun misalnya Anies menang  kita masih bisa ledekin dia seperti waktu jadi Gubernur DKI.  Apalagi kalau Ganjar yang menang  kita bisa suka ria bebas komen apa aja di media sosial.  Tapi kalau Prabowo yang menang ?   Hiiii.... Langsung pada bungkam. Kengerian orde baru kembaliâ€¦
37,Posting manies n kerennnya #AniesTakTerbendung ah... Sekalian mantengin TL  kali2 Nemu tuit ga jelasğŸ™„ğŸ«£ Anies mang paket komplit  bisa ke bapak2 emak2 anak2 muda jg okeee....ya gaaa... https://t.co/i0xcWy8BOl
38,Kalau ternyata suara AMIN cuma 1  maka itu adalah suara saya murni dari hati . Saya tidak hanya mencari kemenangan  tapi mencari pemimpin yang punya rekam jejak yg humunis saya mencari pemilu yang benar  jujur menuju indoneisa adil dan makmur  desak anies  Salam Perubahan. https://t.co/HW0OyyyfZ4
39,Coba @prabowo bikin acara seperti #DesakAnies.   Acara Desak Anies siapa saja boleh datang; para pembenci Anies dan bukan pendukung Anies. Bebas. Maka sangat wajar jika pendukung 02 yang datang ke Desak Anies  teriak-teriak Prabowo  Prabowo!  Nah  kalau Prabowo bikin acaraâ€¦
40,Rumusnya manut guru!   Kiyai Dan Pondok Pesantren Se-Jawa Timur Siap Menangkan AMIN Anies-Muhaimin untuk indonesia  #AMINAjaDulu https://t.co/QJWBoHKfnQ
41,"Warga berpanas-panas  Anies juga berpanas-panas.  Kita berkumpul di sini untuk apa?"" ""Perubahan"" ""Perubahan nomornya berapa?"" ""Satu""  Pagi ini 29 Desember 2033 di Blimbingsari  Jawa Timur.  #StopAksiCulasKPU  #StopAksiCulasKPU https://t.co/ZGeMRGcuxq"""
42,Seharian ini tepar flu  kenapa â€œDesak Aniesâ€ trending ya?
43,Sdh diduga acara Desak Anies akan menemui hambatan termasuk teriakan2 nomor paslon lain di depan Anies. Desak Anies menanjak trendnya. Cuma itu cara mrk menghadang laju Desak Anies yg kian fenomenal  Desah Dengki. Ga ada lagi. ğŸ¤·ğŸ»â€â™‚ï¸ Mrk phobia Desak Anies krn potensi kalah menguat.
44,Ada nelayan yg menempuh perjalanan 18 jam untuk menyampaikan langsung permasalahan dan harapannya. Ini artinya acara Desak Anies sudah menancap bukan hanya buat orang kota dan intelek saja.  Rakyat benar2 ingin mengetahui isi kepala calon pemimpinnya.
45,Gubernur Anies itu sadar branding. Lihat aja itu plus jakarta dan city of collaboration.   DP0 dan semua program perumahan: JakHabitat OK OTRIP: JakLingko OKE OCE: JakPreneur  Jadi kalau masih ada yg tanyain OKE OCE ya udah ketinggalan berita dr 2021 ğŸ¤­ğŸ¤­
46,Momen kedatangan pak Anies Baswedan disambut antusias suku Osing di desa Kemiren  Kecamatan Glagah  Kab banyuwangi  Jawa Timur   #AMINAjaDulu  #AniesMuhaimin2024 https://t.co/7sZt4n7bzE
47,Oh jadi yg ngebet pen bubarin FPI itu Jokowi to sebab dianggap radikal krn selalu kritik pemerintah.. Fix ya  ummat muslim yg suka kritik  yg ulamanya gak pro Jokowi itu dianggap Radikal! Pendukung wowo hari ini udah koarÂ² ngapain dukung Anies yg didukung SP dan Metro TV belum?ğŸ˜† https://t.co/aVl6UPqNV6
48,Alhamdulillah..  PonPes Lirboyo menempatkan Pak Anies di Pilpres.  Aamiin ya AllahğŸ¤²ğŸ¤² https://t.co/PeWHEBpVK2
49,Data dari IndoRiset - 1 putaran makin jauh - Anies ninggalin ganjar cukup jauh - Dan yang undecided naik dikit.  Disaster nih buat 02  udah pegang semuanya masih belum bisa nyentuh 50 persen  Gaspol AM1N lolos putaran kedua  menang satu putaran bonus ğŸ˜‡ https://t.co/hKkLXjYlDn
50,Anies tidak aman.  Info dari pusat:  MK  Bawaslu  TNI  Polri akan menjegal Anies di bawah komando Jokowi  #StopAksiCulasKPU  #StopAksiCulasKPU https://t.co/7RzNQPWDPW
51,Mari menangkan AMIN (Anies Baswedan dan Muhaimin Iskandar) di Pilpres 2024 dan PKS di pemilu 2024 https://t.co/JUxzsSNMx3
52,WALHI Undang 3 Capres  Hanya Anies Yang Hadir. . https://t.co/sIZIodh7As . https://t.co/uk1tGs1o6c
53,Lamongan Jawa timur AMIN...AMIN...AMIN...hari ini pak Anies di Lamongan Jawa timur Meriah dan dialog bersama petani dan NELAYAN di Tempat pelelangan ikan Brondong Lamongan  Jumat 29 Desember 2023 https://t.co/XDySVaRTvf
54,Anies tidak ada keinginan untuk menaikkan pajak dan tidak ingin menyebut wajib pajak sebagai binatang.  Pengumuman penting. Tolong sebarluaskan ke anak cucu. Hahaha   #GibranAntiPerubahan  #GibranAntiPerubahan https://t.co/BWDCgzXbvo
55,Alhamdulillah. Semoga Anies menang satu putaran. Semangaaat https://t.co/tOBmbcNvaa
56,Banyak anak2 muda yang bergerak membantah @aniesbaswedan saat ini. Saya perhatikan cerdas cerdas argumen mereka dan berdasarkan data dan fakta.   Viral di tiktok vidio ini  silahkan ditonton netizen twitter.  Pak Anies memang belum layak jadi Presiden RI ğŸ˜Š https://t.co/i0u2vCuYbC
57,"Karna Si Ibu yg Nanya tdk duduk  Maka Pak Anies yg Berdiri   CiriÂ² Pemimpin yg berkeadilan ' https://t.co/bDmPLLeJAx"""
58,Aksi sosial Relawan Sobat Anies Grobogan pengantaran berobat warga  ke Rumah Sakit dengan Mobil Operasional AMIN...ğŸ™ #SobatAnies #AMINAjaDulu https://t.co/whLw3Dcno8
59,PILIH ANIES AMIN.  Demi Perubahan Berkeadilan Anies Muhaemin (AMIN) No.1 1. meningkatkan yg baik   2. Mengoreksi yg kurang   3. Menghentikan yg salah   4. Membawa yg baru yg blm dikerjakan.  PEMILU; Mencari Orang Baik  Berintegritas  Kompeten  Komitmen. https://t.co/D2juV2GRza
60,Bagi Tom Lembong  kans Anies untuk menang sangat besar ğŸ’ğŸ‡®ğŸ‡©  #AMINAjaDulu  #AniesMuhaimin2024 https://t.co/erOktuJLgx
61,Anies Baswedan mengaku dirinya menjadi capres 'modal dengkul'. Hal itu karena baliho dirinya dan Cak Imin sedikit  sehingga harus berkampanye ke luar daerah. https://t.co/dZG8hxVZkW
62,"Spesial Edisi NELAYAN di acara Desak Anies Bayuwangi Jawa timur...prinsip keadilan menjadi Pilar utama kebijakan AMIN dalam Konsep PERUBAHAN .. Membesarkan yg Kecil Tanpa Mengecilkan yg sudah Besar "" https://t.co/YI2yNHotc5"""
63,Gw juga bisa begitu mah. Kalo di kampanye Anies lalu nyusup beberapa org utk teriak nama Prabowo  ya gak bakal diapa-apain. Bebas aja  demokrasi.   Coba kira-kira kalo di kampanye Prabowo atau Gibran  ada yg teriak nama Anies  kira-kira bakal gimana nasibnya orang itu ya? Ada ygâ€¦
64,"Btw  katanya Desak Anies ga laku  rame di twitter doang  fa fi fu was wes wos...  Namun nampaknya serangan penyinyirannya makin deras ğŸ˜‚  Yang didesak Pak Anies kok yg terdesak 'mereka"" deh wkwkwk"""
65,Semua mereka pegang: mulai dari wasit  hakim garis  panpel  petugas keamanan  sampai yang mengisi lapak kantin. Dengan kata lain: lawan Anies-Imin dan Ganjar-Mahfud dalam pilpres 2024 ini bukan hanya Prabowo-Gibran  tapi juga sistem yang korup.
66,Pesantren-pesantren besar; Mlangi  Krapyak  Lirboyo  Sarang  Ploso  Denanyar  Tegal Rejo  semua satu suara ke @aniesbaswedan. Salah satu peran @cakimiNOW di sini. Sejak tahun 1955  fenomena ini belum pernah terjadi.  Met Jumatan para sahabat Anies dan bukan sahabat Anies.â€¦
67,Saya lagi dijalan langsung minggir pas tau pak Anies live  sumpah kaya seneng gimana gitu liat calon Presiden ini ğŸ¥°  Ada sedih   bangga   seneng   ngeliat perjuangan beliau dengan banyak bgt tekanan ğŸ¥º  Dan ini perdana pak anies Live di Tiktok Desak anies  #AMINAjaDulu https://t.co/9ENhpui4Q5
68,PILIH ANIES AMIN.  Sederhana saja...  Dalam Memilih Pemimpin Itu Omongan dengan Perbuatan Sejalan.   Janji ini ..itu Dibuktikan dengan Kenyataan. Anies telah Membuktikannya Sewaktu dulu Memimpin Jakarta. Bersenyawa  Kata yang Pas yang Diucapkan Anies dalam Video Pendek ini. https://t.co/mzJkBoi0qC
69,Anies Baswedan: â€œInilah bedanya yang berbicara pakai data yang berbicara pakai fiksiâ€¦!â€ ğŸš¨ğŸ‘»ğŸ¥¶ https://t.co/gccbCZ8KAu
70,ANIES MEMUASKAN PUBLIK PONTIANAK...  BEGINI PENDAPAT MASYARAKAT PONTIANAK SETELAH MELIHAT DAN MENDENGAR DESAK ANIES DI PONTIANAK....â€¼ï¸  #StopAksiCulasKPU #StopAksiCulasKPU ğŸ†˜ğŸ†— https://t.co/FzeGUANqIa
71,"2024 buruh inginkan perubahan. Kira2 siapa capres yang cocok?""  ""Kita percayakan kepada Pak Anies.  Mudah2an jutaan buruh Indonesia akan bersama2 Pak Anies membangun Indonesia.""  #GibranAntiPerubahan  #GibranAntiPerubahan https://t.co/5R3IJCW0tU"""
72,Saat ke Blambangan kami mencoba Pecel Pitik  kuliner khas Komunitas Osing. Disajikan langsung di atas daun pisang  dan kalau di sana tradisinya makan menggunakan tangan  bikin makannya makin nikmat. Saya diceritakan oleh Pak Usi  Ketua Komunitas Osing  kalau Pecel Pitik ini jugaâ€¦ https://t.co/UlbpDxvW6J
73,Pak Anies Baswedan &amp; Bu Fery Farhati  Cak Imin &amp; Bu Rustini bersama-sama menghadiri Acara Pengajian MPP Aqshona  Banyuwangi..  #AMINAjaDulu  #AniesMuhaimin2024 https://t.co/bT1FFIFGVt
74,Spanduk Rakyat terus masif di buat relawan Sobat Anies...  #SobatAnies #AMINAjaDulu https://t.co/DwJJjQZvtD
75,Captain TIMNAS AMIN: Pengamanan terhadap pasangan AMIN akan ditingkatkan usai kejadian pak Anies Baswedan dipukul oleh OTK di Pontianak..  Semoga Allah SWT selalu melindungi pak Anies Baswedan &amp; Cak Imin ğŸ™ğŸ»  #AMINAjaDulu  #AniesMuhaimin2024 https://t.co/nU4QZlFLnq
76,Hanya Pak Anies Baswedan - Muhaimin Iskandar (AMIN) yg hadir  membaca dan menandatangani pakta integritas di depan ulama.  Menangkan AMIN dan PKS di Pilpres dan pemilu 2024 https://t.co/v3LRP0z9c9
77,Pakai Bajunya â˜ºï¸ Sikat Makanannya ğŸ˜ Kantongi Uangnya ğŸ˜ ANIES Pilihannya ğŸ¥³ âœ… Ketawa Harus RT https://t.co/7DonlAVwxc
78,Nampaknya semakin banyak yang gerah dengan acara Desak Anies.
79,Anies udah teruji menghadapi tensi tinggi kayak gini. Ga kebayang kalo Prabowo atau Gibran yg ada di posisi Anies. Beuh...
80,@_BangFu Padahal mah tinggal dateng aja  toh anies ga nyulik orang~
81,Sederhana saja... Dalam Memilih Pemimpin Itu Omongan dengan Perbuatan Sejalan. Janji ini ..itu Dibuktikan dengan Kenyataan. Anies telah Membuktikannya Sewaktu dulu Memimpin Jakarta. Bersenyawa  Kata yang Pas yang Diucapkan Anies dalam Video Pendek ini. https://t.co/t5GqT6IeII
82,Tambah amunisi utk Anies dukungan dari para jenderal purnawirawan https://t.co/7VQbDRuSZY
83,Si Ahli IT dlm video ini jg ngawur  Anies bicara Aplikasi Jaki itu bagus dari sisi kegunaan bagi masyarakat  Si Ahli IT ini malah bahas aplikasi Jaki gak bagus dari sisi Firewall dan Keamanannya dr serangan hacker  Yaa gak nyambung blast
84,Masya Allah  Indonesia emng butuh pemimpin tegas tapi gak garang.. Punya integritas tpi gak emosian Pintar dan gak suka marah2 Apalagi gebrak2 podium ğŸ˜¬ Insya Allah kita bersama ulama mendukung pak Anies dan cak Imin â˜ºï¸â¤ï¸ https://t.co/IC6Ysp2Iic
85,Anies: apa perasaan anda soal pelanggaran etik?  Prabowo: ndasmu etik!  Gus Miftah: https://t.co/iO5ykcbmMu
86,Kesaksian Asisten Anies  Gian Sitorus Menceritakan Ketika JIS Akan Dibangun Selalu Tidak Berhasil Saat Akan Menertibkan Warga  Namun Dia Ingat Arahan Pak Anies Adalah Mendekati Masyarakat Gunakana Telinga Terlebih Dahulu  Dengarkan Mereka Apa Yang Ingin Disampaikan https://t.co/MhvtgmRc6b
87,Cara pemberantasan korupsi ala Anies:  1. Koruptor dimiskinkan. 2. Revisi UU KPK supaya KPK kuat. 3. Reward buat masyarakat pelapor yang terlihat dalam pelaporan dan penyelidikan. 4. Standard etika pimpinan KPK harus tinggi  #StopAksiCulasKPU  #StopAksiCulasKPU https://t.co/s2LprPHJ3N
88,Momen Lucu saat Acara Desak Anies di Banyuwangi Jawa timur ada Emak -Emak serobot ambil Mix  setelah Emak -Emak Sudah Mengeluarkan Isi Hatinya ke Pak Anies Tak Lupa Emak -Emak ini Foto Selfie bareng Pak Anies...  Kamis 28 Desember 2023 https://t.co/BP1M9yA68d
89,ini warga jakarta sendiri loh yg ngomong langsung kalau selama menjabat jadi gubernur jakarta anies itu sama sekali tidak ada prestasinya  jadi gimana nih masih mau percaya sama #MulutManisAnies ? kalo gue sih ogahhh ğŸ¤ª https://t.co/jzfV9qb2hB
90,"@panca66 @BangEdiii Biasa aja Desak Anies"" itu tdk sepenuhnya pendukung Anies  tp mengajak dari semua kalangan...ada dari pdukung 1  2 &amp; 3 bahkan ada yg blm mendukung siapapun  Anies hanya mdengarkan &amp; tanya jawab dari berbagai aspirasi masy  intinya berani berdebat bertukar pikiran dg rakyat ğŸ‘ https://t.co/PwsdZLwBy8"""
91,Meriah acara Desak Anies Sepesial Edisi - NELAYAN    SATU-SATUNYA kandidat Capres yg Berani menggelar diskusi Bersama Rakyat dan membuka ruang untuk mendengarkan Curhat dan Kritikan dari Para Nelayan Cuma Pak Anies...pak Anies selalu ada Gagasan untuk Indonesia https://t.co/0RoMHjzHWr
92,Di sambut Jidor ... kunjungan pak Anies ke ponpes Al- Islah Paciran Lamongan Jawa timur   Jumat 29 Desember 2023 https://t.co/8eiRVplmC8
93,Calon wakil presiden Muhaimin Iskandar mengklaim kalangan Nahdlatul Ulama solid memberikan dukungan kepadanya bersama calon presiden Anies Baswedan.   Namun  Muhaimin menyatakan mendapatkan informasi ada warga NU yang diberikan uang untuk tak mendukung mereka.   #TempoQuotes https://t.co/fCWGyqBosN
94,Dalam kontestasi politik  jauhi narasi penghinaan. Termasuk pula penghinaan fisik  Fokus mencari simpati dengan promosi gagasan yang konstruktif dan solutif  jauhi konflik yang kontraproduktif   Pak Anies penuh gagasan dan rekam jejak prestasi. Fokus aja di situ ğŸ‘ğŸ™ #AMINAjaDulu
95,Gempar! BuzzeRp Prabowo Semakin Kesulitan Membuat Hoax Untuk Merusak nama Anies  Karena Tim Anies Punya Pasukan Cyber Anti Hoax. Beberapa Hoax Yang Disebar BuzzeRp Prabowo Selalu Terbantahkan dengan Fakta dan Data.  https://t.co/TL8qoL51sU
96,Kemarin di #DesakAnies  secara simbolis pak Anies Baswedan mencoret masalah-masalah nelayan..  AMIN menang  nelayan sejahtera No 1 ğŸ’ªğŸ»  #AMINAjaDulu #AniesMuhaimin2024 https://t.co/DOW1Gg12gR
97,Gw demen dengan penjelasan Bang Ucok pendana Anies di Pilkada dan sekarang  sungguh menyesalkan omongan gemblung bawaslu yg menuduh anies tidak pidana tapi gak bisa dipidana  ini omongan tolol cam mana? #GibranAntiPerubahan  #GibranAntiPerubahan https://t.co/zFyWfzu5yJ
98,"Geng Abu Abu mulai resah dengan acara desak Anies"" https://t.co/8uVyWwbLO1"""
99,Video Ini Terus Sebarkan Jangan Berhenti di Kamu. Ceritakan Bahwa di Perjuangan AMIN Lahir Orang Orang Hebat Dan Ikhlas. #TeamElangaPutih @aniesbaswedan @cakimiNOW https://t.co/KjYdnBfW2U
100,Kampung Kamboje bukanlah kampung pertama yang kami resmikan sebagai Kampung Pendukung ANIES.   Bergerak masif ditingkat Gugus Terdepan  menjaga teritorial di tingkat TPS.   Bukti bahwa Gerakan Rakyat itu NYATA  #SobatAnies #AMINAjaDulu https://t.co/kyxBo1jDBr
101,Desak Anies di Pontianak  merupakan Desak Anies yang dihadiri peserta paling banyak. Membahas mengenai infrastruktur teknologi  ğŸ‘ğŸ’¯  Capres pilihan anak muda! #AMINkanIndonesia https://t.co/j4rXzZeY4I
102,[ Desak Anies ] Subsidi Solar Nelayan https://t.co/g4A7ZinlEJ
103,Desak Anies Nelayan Banyuwangi...  Nampak gerah namun peserta dan Pak @aniesbaswedan sangat bergairah. https://t.co/ekd9LWV7NH
104,[ Desak Anies ] Penyertaan Modal pada Jalan Tol https://t.co/29BMdNXMxk
105,Nelayan Lamongan Jawa timur Solid dukung dan pilih AMIN....perlu di Ketahui bahwa hari ini Jumat 29 Desember 2023 pak Anies Mengunjungi Tempat Pelelangan ikan di Lamongan Jawa timur https://t.co/5rOA5Tirxc
106,"DESAK ANIES â¡ fine  gwenchana  i'm okay""  Desak Ganjar â¡ ""KTP mu mana?"" *didatengin ke lokasi  ada yg doxing etc* â¡ DIHAJAR GANJAR  Desak Prabowo â¡ *dijemput ğŸŒ¹-team depan rumah ""Anda dimohon menghadap bapak"" secara senyap* â¡ DIGOWO PRABOWO"""
107,Kita desak anies agar jadi presiden RI yg ke 8 Aminâ˜ï¸ ğŸ¤²ğŸ¤²ğŸ¤² https://t.co/U32EPp1swU
108,PILIH ANIES.  AMIN.  DANAU BUATAN DI PERBATASAN JAKARTA SELATAN dan DEPOK  utk penampungan Air Hujan.  (Yang seperti ini tidak ada di TV/Media mainstream).   Memang sengaja tidak  diekspose oleh rezim ini (Jkw  Ganjar  PDIP  9 Naga dan Oligarkhi) https://t.co/AHzptda511
109,Papua Dukung Anies  Orang Jawa kalau tidak dukung Anies malu sama Orang Papua. ğŸ¥°  #AniesMuhaimin2024  #AMINAjaDulu https://t.co/o9848tKf5P
110,...2019 gw rela ke pelosok2 hutan di Jabar bantu kampanye Prabowo tanpa dibayar.  Saksi'y masih banyak yg hidup.  2024 gw siap terjun bantu kalahin Prabowo  siapapun lawan'y. Gak peduli itu Ganjar/Anies.  Gw yakin gerakan #AsalBukan02 akan jadi X Factor kekalahan Prabowo.. (`` )
111,Banyuwangi  28 Desember 2023  Semerbak mewangi harumnya PERUBAHAN makin menjadi.   Momen pak Anies hadiri pengajian bersama Aqsona Banyuwangi dengan sambutan ribuan jamaah.   #AMINAjaDulu  #AniesMuhaimin2024 https://t.co/2GUcPoBJPE
112,Paling Suka Acara Desak Anies ...hari ini Kamis 28 Desember 2023 pak Anies Bersama Para Nelayan di acara Desak Anies di Banyuwangi Jawa timur https://t.co/TKmx58pfY7
113,Gagasan itu sdh ada sejak dini  bukan saat kampanye sj!  Lihat cara dia bicara. Mencerdaskan. Patut ditiru dan digugu. DosenğŸ¤”  Pokoke Anies is the bestğŸ‘ğŸ‘ğŸ‘ https://t.co/mzJkBoi0qC
114,Jendral TNI (Purn) Fachrul Razi:â€œOrang Emosian tidak akan bisa memimpin bangsaâ€  Indonesia butuh pemimpin sprt Pak Anies Baswedan yg sudah terbukti kinerjanya hanya 1 periode sudah membawa Jakarta lebih maju  beliau jg cerdas  santun  sabar  sholeh InsyaallahğŸ¤²  #AMINAjaDulu â˜ï¸â¤ https://t.co/0UQDdZ02hN
115,"@vindddaaaa Ngeriii. Padahal bisa ngomong  mana capres anda? Kesini ngga? Mau dialog sama anda ngga?""    Bagusnya Pak Anies ga arogan si"""
116,Emmeril Kahn Mumtaz putra sulung Ridwan kamil meninggal tenggelam di sungai Aare Swiss   Video Anies baswedan berkunjung untuk berbelasungkawa atas meninggalnya putra Ridwan kamil dan anies baswedan juga meminta warga untuk sholat ghoib   Tolong jangan sebar HOAX https://t.co/QHbXB2YcsJ
117,ANIES SEOLAH-OLAH SUDAH PRESIDEN  keluh kesah rakyat ditumpahkan dalam acara desak anies https://t.co/O9xir1uKqC
118,HMI resmi deklarasi dukung penuh Anies-Muhaimin..   Saatnya Aktivis yang memimpin selangkah lagi keder HMI jadi presiden  retweet keras!! https://t.co/EqKvlPCm5c
