cleaned_text,cleaned_username
Jelang akhir tahun ini aku sempet istirahatin kulit wajah aku dari banyak skincare  karna ga bagus jg kan kl kulit wajah tuh di hajar terusan pakai skincare ini itu  setelah rehat aku mulai lagi skincare an dimulai dari face wash dan x HA Complex Bright Serum   httpstcopxASiRO,FarRida
hayuukk giveaway skincare rombongan akhir tahun     follow hmtly  rt  like post GA  reply mau nomor berapa   ongkir ditanggung pemenang ya  dikirim dari bekasi   end  minggu  goodluck cayank httpstcoUhaFWpExC,hmtly
Sometimes I frustrated betul bila PMS datang  tak pernah bagi chance nak rasa skin without jerawat   So sebabkan taknak bagi dia bawa kawan kawan lain  i akan masukkan masking into my skincare routine  Here I nak share one of my favorite mask yang i selalu pakai  httpstcoxNEcXFY,umiizani
Skincare edisi holiday season  kalo lagi liburan biasanya bawa skincare seminimal mungkin  sekaligus nerapin skin minimalism juga  sebenernya udah habis beberapa face oil sama tonernya oasea tapi udah aku declutter hihii httpstcokJVTVCUuf,irapersa
Giveaway Skincare Untuk  orang pemenang Caranya gampang bgt   Follow mutiaraaaf  RT Like thread yg aku mention   Reply domisili kamu   Aku umumin tanggal  Januari  yaa Ongkir aku tanggung Good luck  Giveaway GiveawayAlert httpstcoubBrCcim,mutiaraaaf
Ini bisa berkembang jadi jualan skincare  gak,neohistoriaid
Guys jujur deh siapa yang udah rutin skincare an tapi hasilnya masih belum maksimal  Aku mau cerita bbrp waktu lalu sempet breakout dan skincare tuh ga terlalu mempan huhu Terus aku udah ngelakuin berbagai hal  ternyata tau gak yang paling ampuh tuh apaa httpstcomdodIoBXX,nanaspineapel
Ohhhh pantesan pas mau iklan PPL si eunsang pura dapet telpon trus kabur  dan balik lagi pas udah selesai Ternyata younite jadi ba BlockampCare Nutriadvisor yang focus di produk skincare httpstcoghLktCXVn,haaanchooo
Ga nyangka banget  ada brand skincare yang sebelum beli aja  udah dikasih konsultasi dokter gratis  yang avalaible  jam   Dan jangan salah ini skincare dengan ingredient premium formulasi dokter  tapi super Affordable dan BPOM lho Nahh namanya HampH Skincare udah ada yg httpstconJfljTYd,junayyy
I seriously need Zlantans skincare plug httpstcoAhoDbYOEE,MiRaCle
Barusan adek bilang   Kak minta uang buat beli lip blam  sama parfum dong  Lah uang yg kemaren kakak kasi udah habis  minggu depan aja lg gak ada uang pake parfum kakak aj    menit kemudian    Nih buat jajan sama sama beli skincare cukup gak   seorang kakak tidak,kennaraya
ini video bagus untuk tahu bahwa pori muka memang ngga bisa dikecilin  salah satu alasan gw pertama menghemat skincare jadi ke viva dll  dari sebelumnya astalift dll selisihnya gw pake buat laser di klinik hasilnya instan jauh bgt wey httpstcofVVETPcLg,IchaVarma
Skincare untuk memutihkan kulit gelap dan tidak merata  A Thread httpstcoFJcyExIC,mauskincarean
feels like im a different person every  weeks  minggu malas  minggu rajin  minggu nak cantik cantik   minggu lagi nak pakai skincare pun malas,ketengahketepi
BEST SKINCARE   Aku kasih penjelasan singkat aja yah  semuanya emang aku pakai gak mungkin aku bikin best product kalau gak dipakai dulu St aku normal skin  racuninskincare bestskincare byshasa httpstcoYcprcqcPn,Lukasenjaaa
Setelah direkomendasikan produk basic skincare oleh mba mba drugstore  httpstcoHwAduKuJc,natanattda
Pakai skincare sampai K  muka macam tu jugak,AmeeRamly
seneng bgt aaaaa dapet skincare gratis rp btw ini dpt voc dr hasil main lucky prize di hal tokonya ya pamer httpstcoOEXmaX,discountfess
GIVEAWAY SKINCARE UNTUK  ORANG PEMENANG   Syaratnya Follow aku glowandsavage Reply dom mana Sebutin harapan kalian di tahun    End  januari   Good Luck   giveaway zonaba zonabu giveawayskincare httpstcoZDgSUpkV,glowandsavage
Ketahanan pangan ada ditangan petani millennial Hasil panen beli skincare httpstcowWKrpQHQ,OnlyFrens
 GIVEAWAY CHRISTMAST EDITION WTIH SKINCARE BHUMI   Bhumin mau bagibagi hadiah NATAL khusus menutup akhir tahun ini ahh  Cara ikutannya gimana Cek next tweet ya tapi sebelum lanjut jgn lupa  amp dulu biar yg lain tau jg  httpstcoGqkVRCiAJ,BhumiOfficial
Dah nak masuk   skincare apa korang rasa paling best so far and worth to try,ayeitszhi
Emang bisnis skincare aja yang bisa kaya raya Franchise juga bisa  Wangmin habis riset tentang franchise Dkriuk Vs Sabana  Risetnya mengenai   Brand Perkembangan  Pelayanan  harga  BEP dll  Pengalaman para mitra  Penasaran Mari disimak httpstcoSEoNtvRll,txtfromkeuangan
Scan komuk  lokasinya ada di salah satu merk skincare  di beberapa mal di jakarta  istri beli  saya cek komuk wkwkwkkw  hasilnya certified jelek  httpstcoxoRmmaaFRv,ariyadifebri
Untuk menyegarkan kembali home ku  mari kita tonton video miaw mumumu ini lagi skincare an agar hati ini lowong dan adem kembali  httpstcoJJqduuAL,royalcupid
 spill skincare km dong aku kepo skincare fenly apaan   nanti ya  bulan Januari aku akan spil yah  skincare dr  yah fen    ditunggu aj yah   knp km belibet setiap ngomong skincare fen  httpstcolOgspGyVv,rezaayu
azam  adalah untuk tak tinggal skincare routine morning amp night,sarahhsofeaaa
Malam ini kuliah  sks lagi  matkulnya makeup amp skincare Terimakasih ilmunya buk dosen alias makasih livenya  GiTakdir httpstcomLEGfqEGYv,syaifurrr
Gaiss drop pertanyaanmu terkait skincare or makeup  aku jawab sebisaku yaaa  ,arraabelle
Skincare lokal yang wajib kalian cobain gtgt Oasea    Tonernya udah botol kedua dan baru cobain face oil yang squalane  vitamin c  enak bangettt ternyata racuinskincare httpstcoMAwlLvQv,niacanemide
PARFUMNYA DARI BRAND SKINCARE INI TERNYATA ENAK BANGET WOY  Surprisingly tahan lama juga Dari jam  pagi   malem wanginya masih nempel enak di baju dong padahal under K  Wanginya mass pleasing  mo kena keringat juga gak masalah  dan punya longevity mantul  ReFiew httpstcoixxYzcceD,ForMySkinsSake
me doing my skincare    httpstcoJsvRplDI,daiIysanrio
Patutlah this skincare product tengah viraltrending   I sumpah ingat pakai cleanser dah cukup untuk muka bersih sekali I pakai toner pad  haaaaa  keluar segala kekotoran lagi and skin I memang smooth tau lepas guna httpstcoIZIJYat,najihahshahrel
SKINCARE ANDALAN KULIT BERJERAWAT  Apalagi kalau bukan Acne Set White Story yang ampuh tuntaskan jerawat   Story Friends di atas aja udah membuktikan  sekarang giliran kamu yuk httpstcoKFqjDE,whitestoryid
MAKIN KANGEN aduh aku udah pake skincare  httpstcovKULqoAvU,nunashaasy
Buat makan                     Buat skincare httpstcoirXATsO,sunrischa
baguslah wife guna duit sendiri beli skincare baju semua padahal tu semua suami yang kena provide tu pun tak bersyukur ke,amyranadyaa
Its holiday season Salah satu skincare yg wajib dibawa pas liburan  face oil  Wajib bawa ini soalnya lembab  ga greasy  bikin makeup glowy  bs nyerahin  trs bikin step skincare lebih simple karna pake ini aja cukuppp  Aku udh abis yg tranexamic acid  skrg nyobain yg Vit C httpstcoOMTrjaslA,bittercaffeines
ini jg bakalan ikut masuk  nanya nanya sambil nginget kesukaan pacarnya apa  tapi asbun jg   beli  aja biar pajaknya sekalian keren waterproof berarti anti banjir  ada shade nina shade bobo nya mana  skincare seharga umr kembalian dikit buat beli indomie httpstcoKRQSMssThV,semestastellar
review makeover powerstay glazed  beneran TAHAN LAMA Kalo dipake makan makanan berminyak akan ada stainnya di bibir  Efek glossynya natural dan ga lengket ga keliatan Kaya minyak canggih bet  Tapi ini cuma bisa dihapus pake cleansing oil pake mw doang kaga bisa ilang anjir httpstcovEPxGEex,bellispperennis
Work on your akhlaaq  its one thing to do all this skincare and healthy eating to look good but if your character is rotten then you have no beauty Carry yourself with elegance and kindness  remove yourself from conversations which involve gossip  slander  backbiting,axn
Siapa yg ngerasa matanya udh keliatan kerutan Lebih baik mencegah drpd nyesellll  Jd eye serum buatku jg udh masuk tahapan skincare yg pentinggg  kalo bisa ga boleh skip lg Kalo kalian gmn httpstcoNOZydzdnu,inizhii
Progress kulitku minggu ini     Btw Mandelic Acid ternyata emang bagus banget ya  ini aku pakai rangkaian skincare yg ada Mandelic Acid dan mayan cocok dikulitku  efek exfonya gentle dan kulitku kerasa lebih bersih dan haluss httpstcoiQocvaaB,bettermexxx
Youre doing skincare but your skin doesnt care ,nurafifah
Perbedaan soren sma genka ngomongin skincare   Genka  httpstcoRdhHYOr,Artievenush
Sengetkan kepala utk tengok wanita cantik pakai sunscreen yg ramai org hype  No white cast  muka nampak fresh tak shining mcm baru lepas memasak As someone yg malas nk reapply skincare lepas wudhuk  i suka sunscreen ni sebab ada moisturising effect so just reapply  product httpstcoPNjxHqob,chutcomel
Spending hundreds on skincare tapi muka mcm tu jugak  Honestly its long term investment You wanna look  when youre  Thats the goal amp it takes time  effort amp money   Tau bodoh tu free jgn borong semuanya,webarebears
opini pribadi but hes definitely the ngikut masuk type si fomo pengen ikut beli skincare katanya aku jg mau ditanyain orang rahasia kulit glowingnya apasih kk  trs ditanya bagusan shade lipstick a apa b pasti jawabnya yg bikin bibir kamu gak ngomel ke aku yg mana  httpstcoyVFMwEbFg,mythofjune
I baru perasan this year banyak gila i try produk local brand Skincare   makeup  bodycare eh banyak lah hshshs mostly  kali jugak repeat sebab best   Korang ada tak local brand yang korang dah try amp akan repeat lagi Cuba komen  nak tahu jugakkk,bysueibrahim
rl wlw relationship emang mantep ya ke salon bareng  nail art bareng  jajan skincare bareng  grocery shopping tgt jajan baju cantik bareng makeupan bareng duh serunya,ssefnum
BAGIBAGI SKINCARE SPECIAL NATAL    Siapa yang mau dapet skincare dari Minsea   Caranya gampang banget   Follow Oasea    dan  tweet ini   Reply dengan produk wishlist Oasea kamu    Yuk reply sebanyakbanyaknya  Folks httpstcoEvaYZSfI,oaseaid
merasa cerdas selama ini karena bisa pilih produk skincare yg nggak cuma efektif tp ternyata mendukung nilainilai positif  skin game kamu emang luar biasa aku dukung terus  ya  httpstcoeUZtOzvn,angelinajeng
abis ikut jajan skincare suka kirim laporan kek gini absen yang ganteng saya httpstcosVlSbTg,mythofjune
 pernah ga  males skincare an jadinya cuma pake face wash aja,convomf
udah guysss  udah abis hahaha  makasi antusiasmenya menemani aku beberes lemari beauty di kamar  semoga suka dan bermanfaat ya produknya  aku pilih dan umumin besok semua ya     wishes   tools  haircare   travelfriendly  makeup  skincare,sloppypoppy
Skincare buat satu muka saja sudah relatif mahal  bagaimana dengan yang bermuka lebih dari satu   YO NDAK TAHU  KOK TANYA SAYA    YANG LOGIS AJALAH   Akibat Nila sekeluarga  rusak susu sebangsa  OJO GRASA GRUSU  OJO KESUSU  ANAK LANANGKU WIS ISO MELU  SU    Dari Sabang httpstcovcCUlp,AKaja
KoranggggAku jumpa satu skincare hack yang akan memudahkan urusan harian korang especially untuk ibuibu yang ada anak kecik memang wajib try yang ni confirm korang suka  httpstcoqctWEPMe,LuckyStr
Bukan scam  lebih ke org banyak yg ga aware Koleksi skincare  makeup  gapapa Tapi tolong pertimbangin sama PAO Period After Opening Suatu skincaremakeup kalau PAOnya udah lewat pengawetnya udh ga bekerja  bakteri bakal tumbuh disitu Biasanya PAO skincare  bulan  makeup,linabossanova
hi  good mythical morning   lists of skincare  products that i use or have used throughout my acne journey   Dr Kuns obat jerawat amp cream jerawat  untuk ini kamu harus konsultasi dulu ke beliau terkait kondisi muka kalian Nanti biasanya diarahkan kalian butuh nya apa,capymawa
I dulu tak percaya pun Claymask penting in skincare routine sebab yela pakai  minit je kot takkan boleh buat kulit cantik  Tapi i silap after i dah cuba sendiri baru i tahu walaupun pakai  minit je tapi dia bagi perubahan yang besar dekat skin i httpstcoAezcxTMDo,zalyazahari
Emang ada skincare yang hydratingnya juara tapi under k Ada dong Sinisini aku kasih tau   Best Combo skincare for dry skin type  based on my experience  RacuninSkincare httpstcozrPqXFJml,hopibeauty
Oily skin sesuai ke pakai toner pad I have been using toner yang jenis spray tu sebab tak suka jari basah masa buat skincare routinee ,lunakylean
Harini I mau let go skincare amp makeup boxes tau Bagi i susun dulu mana I nak kasi sebab BANYAK GILA ,secretlyfura
Inspirasi skincare buat cowok  biar tahun depan naga deciel lagi    a thread httpstcokNZdlmhdI,hiicaa
Akhirnyaaa udah Holiday Season yaahh   Tetep mau skincare yg minimalis  cocok banget pake rangkaian dari oasea doang  simple but powerful   racuninskincare oasea httpstcoQkFhRgUZsB,minaralav
kata gue yg mau jajan skincare mending buruan cek soco app sociolla sekarang dah  ni gue beli product cosrx dari  jutaan  disc cosrx   pake promo yearendxx dapet potongan K lagi jadi cuma bayar   MAYAN BANGET  httpstcoiPQOIXL,insecuristy
jackpot betol   so far i beli skincare semua dapat discount kaw kaw  httpstcoGaRxZtssx,iamnrsyu
Mau liburan pas holiday season gini bawa skincare dikit ajaaa  Yang simple tapi powerful terus ukurannya ga gede bgt biar ga penuh di tas Bisa stock skincare punya oasea ini buat dibawa httpstcoNyTYSEIK,beautyngy
skincare malem tuh lebih enak karna ga harus make sunscreen,emilmarioo
Pakai Les Tropique Serum sebagai skincare rutin ATAU Skincare prep sebelum makeup    Serum ini sangat membantu buat wajah jd lembab  redness berkurang Plus nya gampang dipakein makeup Alus banget ini contoh nya di wajah adik ku RacuninSkincare httpstcoTciRXYKx,skinsofun
SKINCARE EDISI LIBURAN   Biar liburan kali ini ga ribet lagi bawa banyak skincare  productnya oaseaid adalah life hack aku demi menghemat space   Simple dan powerful is the key  httpstcojyJZVsIM,cicaffeine
Murah amp Berkesan  Target kami tahun hadapan adalah hasilkan skincare yg lebih efektif amp inovatif pada harga jauh LEBIH MURAH  Sampai level lebih murah daripada produk China dan Indonesia Hahah mmg kami challenge diri sendiri ni  Agak boleh tak  httpstcoWfMfzSMeN,sarinizainal
GIVE AWAY   produk udah pernah aku pakai ya guys  Keterangan isi ampexp ada di reply Caranya gampang pol   Follow aku Jihanswaylim   amp  retweet postingan ini  komen mau paket AB  GA end tgl  yaa  GiveAway zonauang skincare httpstcoCowBijnDN,Jihanswaylim
 karena gaada yang sayang sama aku  aku milih buat sayang diriku sendiri aja makan yang enak  enak  beli skincarebodycare meskipun tetep burik  pake baju yang menurutku bagus  dandan walaupun tetep jelek i dont want to impress anyone  cuma pengen diri sendiri bahagia aja,tanyarlfes
Tiap pms  kulitku pasti muncul hormonal acne banyak bgt  soo my go to skincare adalah si acne mugwort serumnya OMG ini   Daridulu udah klop bgt sama ini  dan udah botol keduaku karna works banget buat jerawat maupun bruntusan httpstcoODOZkKSdI,flowerykaori
Tahun baru  skincare baru  Semoga cocok  mumpung lagi flash sale jadi beli aja httpstcovZMxbHmKKB,kingofthetypo
Review marugame udon    mangkok habis rb mahal gilaaa  Mending NASGOR SOLARIA rb bisa kenyang sampe muntah    Aqua ml rb maksud loo apa Aqua  L aja rb di mall   Porsi kurang puas  keliatan ngembang doang  rasa topping jamur ayam dll enak lah httpstcoyoRmDLDapD,rizkincare
uma fada que aparea de madrugada  remova toda a sua maquiagem  escove seus dentes e aplique seu skincare com voc bem deitada na cama,isokamagica
Selamat Ulang Tahun Brand Ambassador White Story   Bright Vachirawit  Yuk  kita rayakan ulang tahun Bright dengan mengucapkan Happy Bright Day dan sertakan juga harapan terbaikmu untuk bbrightvc  Akan ada SKINCARE GRATIS untuk  orang yang beruntung httpstcoSAKepCP,whitestoryid
Due to high demand for my skincare tips  heres a list of my rituals Nivea body lotion  good food  water  bananas  good genes  and minding my business a lot I hope this helps  niveauk httpstcouFBATVchY,TokyosBite
kali ini mau spill skin care routine yang biasa aku terapin gak butuh banyak step yang terpenting konsisten  kalo lagi butuh skincare minimalis jangan skip cara simple ini  kamera depan  kamera belakang httpstcojDEqamlgub,nadyakhanza
another moisturizer gentong yang kayaknyaa bakal jadi one of go to skincare saviour kulit kuu  btw ini pertama kali nyobain moist emulsion amp tertarik setelah liat punyanya hyalupure httpstcoSiTuovZi,senshineey
 ketika make up sama skincare abisnya barengan,convomf
kalo kulit lagi banyak problem aku selalu hindari penggunaan skincare berlebihan amp pure pake basic skincare  karna sekarang skin barrier aku lagi ga baik  aku fokusin di moisturizer yg emang fungsinya memperbaiki amp menjaga skin barrier  Gg Blueberry  Ceramide Moisturizer httpstcoSKZnLOft,handsaniteezer
Welcoming HOLIDAY SEASON Seneng banget ketemu rangkaian skincare simple but powerful Minimalis  tapi pas buat kebutuhan kulitku Pekejingnya antiribet buat dibawabawa racuninskincare httpstcodIWZULYtO,hayddengemz
BEATRIX SABATO REGALACI PERLE LE LORO LACRIME LA NOSTRA SKINCARE grandefratello httpstcoEHDLrAdZrB,beatriceluzzii
Capek lah nyoba skincareskincare an  sudah saatnya aku pasang susuk ,convomfs
Kalau lagi jerawatan emang suka kesel ya Tapi aku sih ada solusinya Biasanya aku fokus pake skincare yang mengandung mugwort dan salicylic kayak dari itsomgbeauty SERUM MUGWORTnya  RacuninSkincare httpstcohAcEMSHIht,istitiisti
pernah terjadi tak bila pakai skincare tapi tak nampak apaapa perubahan pun  i ada jumpa satu tips mudah untuk pastikan produk skincare yg kita pakai berfungsi dengan baik jom i share httpstcogTDGfHPt,eLjerla
 GIVEAWAY HARI IBU    Like amp Repost this tweet  Follow akun kita prettywellco   Ceritakan kenangan paling kamu ingat bersama Ibu dan pesan untuk beliau   GA end  Des  dan pemenang diumumkan pada  Des  Good luck   GiveAway skincare zonauang httpstcoOwLTOWBYp,prettywellco
Kalian wajib punya moisturizerPenyelamat wajah untuk menenangkan kulit yg lagi ngamuk Nggak afdol rasanya kalau belum punya ini di rangkaian skincare rutin kalian  racuninskincare httpstcoPamckb,aliviamaulida
kesel gak sii kalo lagi PMS kulit jadi sensitif  iritasi  atau berjerawat  kalo kulit lagi sensi biasanya aku nggak mau banyak layer skincare dan buat eksfoliasi biasanya aku lebih pilih maskeran  naaahhh aku mau racuninmasker nih yang gak bikin kulit makin sensitif httpstcoXbDqYDWY,diveppie
 layers skincare everyday Minimalism skincare   Udah beberapa bulan ini aku meminimalisir penggunaan skincare aku Dan hasilnya ternyata beneran bagus di kulit aku httpstcoPyCRGqBMo,niacanemide
 MAU NANGIS BGT RASANYA KALO SKINCARE ABIS BARENGAN TUH AAAAAA,convomfs
Skincare products ke price dekh kar skin ki care krne ka mann hi nahi kar rha,iyouseee
 Hari lagi menuju  waktunya merencakan resolusi skincare untuk kulit cerah  sehat  dan glowing Sini aku kenalin sama basic skincare andalanku Glowkit dari itsomgbeauty   yuk aku spill produknya racuninskincare racunskincarebyiriana httpstcoerIEJYUva,nuririana
Pls RT korang   I nak let go both ni sebab skincare I dah banyak  rak dah penuh gila   Hada Labo cleanser  RM Nuuha Ceraglow Serum  RM  Take both for RM Kalau interested  boleh DM  httpstcoBVaNYudc,heavensdewco
Apa yang hype sangat TataTiny ni Betul ke worth the hype Apa je include dalam TataTiny pouch tu    mini complete skincare dalam satu ziplock bag tak caya jom tengok httpstcoiYdGdHdbV,sunflwrsuu
kl musim liburan gini pasti mikir kan mau bawa skincare yg mana nah aku suka pake produknya oaseaid nih  produk mereka tuh definisi simple but powerful  kulit jadi tetap terawat walaupun lagi liburan gini  kamu penasaran yg mana nih httpstcocrALWojn,anadhewiee
ini cushion menurut aku in deh yaa bisa jadi complexion sekaligus ngerawat kulit  karena didalamnya ada kandungan skincare   pas nyobain juga langsung sukaa  soalnya finishnya kayak dewy dan healty skin gitu   racuninmakeup httpstcoIhvCWnmX,asyabetmud
fickseeling Yg terlucu adalah ketika cowok nolak bwt nemenin masuk ke skincare store tp mereka bawa ceweknya pas lagi main futsalbola atau apa lah yg mana kehadiran si cewek cuma jd penonton doang Like bro  do u really need to stroke your ego that bad,nrendiansyah
seneng banget bisa cobain  produk  ini diwaktu yg tepat  Selain itu bisa juga jadi penyelamat kulit saat Holiday Season kayak gini  yg apa  apa harus cepet amp sat set  bikin step skincare juga jadi lebih ringkas  simple but powerfull buat kulit  HolidaySeason Oasea httpstcohFCWpdr,marshmallow
Efek skincare  httpstcoOfsoUUn,ZonaUptodate
Tapi tips dia kena rajin lah  Kena buat tiap hari  Mulamula rasa macam susah tapi bila dah biasa senang je  Share je benda yang hari kita guna  Apa yang kita beli dari shopee  Makeup  skincare  makanan  home appliances  baju  gardening tools  semualah,ezzahnor
Sulsel gudangnya skincare merkuriownernya lebay semua mana tukang flexing lagi wkwk,ciicahh
fesss Sini gw ksh tau  Capeee Cape ngurus rumah anak dsb  Lo punya art babysitter ga Klo ga ya balik lg ke point   Lo ngsh duit cukup ga Apa cm pasan buat mkn amp kebutuhan rumah Kebutuhan skincare amp Healing ny lo penuhin ga Klo ga  yaudah wjar dia menurun rasa ingin s,chillmarket
Skincare enthusiasts   This is brilliant doh   Memang kena letak filter kat situ supaya tak ada jerawat kat badan  kepala atau muka   Bila dah guna air filtered untuk mandi  badan pun bebas daripada jerawat  httpstcoRGeheemr,AbudiAlsagoff
Nyahh aku ni tengah menganjing member Beli skincare mahal  duit org tak bayo Tp mmg muka dia takat tu jugak   Sorry korang  aku tak tau pun bape byk korg spend utk skincare U do u sisbro httpstcoGiAniEkUK,AmeeRamly
Ipad iBox samsung who in blackpink ini X masukk haechan lee thank you twitter X ini kenapa MyDemon kyungsoo ParkSeoJoon HanSohee ini twitter vmin kamis skincare fizi bekasi all kill txt on running man    httpstcoteWrbwqHVF httpstcoHhAhVFT,mrjoonsnow
Buat pelajar dan pemula skincare yang lagi ada masalah jerawat kayanya bakal suka serum ini   Kandungannya mugwort extract  salicylic acid  harganya juga affordable httpstcooFcaZDvO,strrowbeyi
kenapa my makeup ampamp skincare habis semua all at once ingat i ada duit ke rn,jellyeade
kedua kalinya refill moisturizer yang satu ini beneran eco friendly banget  jadi mengurangi limbah packaging skincare cuman sisain satu wadah aja buat di refill httpstcoEtwudV,clavasayang
Gaes  udah pada tau belom produk baru nya sii NayeonSkincare   tebak apa yupss MARSTURIZER  Btw Moisturizer ini katanya viral bangett  pertama kali ada di Indonesia dengan  Ceramide  ga pikir lama  langsung aku co dan cobain dongg hihi  Deyyskincare honestreview httpstcoyKvSxjlZ,deyyydoang
starfess Sunoo bilang kalau dia lulusan biasa dan ga masuk HYBE dia bilang mungkin jadi YouTubers yang isinya tentang hairstylist  skincarekecantikan  dan bisa jadi tenang makanan httpstcoaVZxNRDU,nzellyiaa
bila buat night skincare routine wajib include kan lip oil serum flonerch ni sekali   i suka sangat sangat so memang i akan pakai every night tengoklah dah nak habis tu  i sampai kena goncang setiap kali nak pakai  httpstcoalkwpQqy,mashijuseyo
 FICTION   W Skincare o ako  B Yung skincare na galing sayo  W   editedpic httpstcomYCrsSDd,memmerpint
bp Jisoo reami jadi Global Ambasador pertama buat skincare dior httpstcojdoGqVybxL,blinkmf
Pov  Kawan lelaki kau flawless tapi no skincare routine Dunia sungguh tak adil  meerqeen    Credit to owner httpstcoebJRGGwP,HeriyaniH
JISOO is now the official global ambassador for Dior skincare line Capture Totale httpstcoxgvncblO,jisoogaIIery
Skincare sat set buat traveling but powerful   Yang belum tau  Oasea tuh brand lokal loh Packaging nya sangat simple Sekalian aku review deh RacuninSkincare httpstcobSAERFiiK,frecklessface
doc jimmy bakal masuk  nyariin skincare yg ingredientsnya cocok sama kulit sensitif pacarnya  ngasih kuliah singkat ttg kenapa kita harus pake retinol  klo alergi vit c bisa ganti sama yg lain  trs kalo udah semua skincare dia bayarin semuanya   kalo sea tawinan bakal yang,JlMMYSEA
Aku tipe orang yang susah bucin sama  skincare produk tapi sekalinya bucin DAAANG AKAN AKU REPURCHASE PRODUKNYA SEUMUR HIDUP  reviewbynaaa httpstcoXkfdxCZCc,redburgundys
GILA LO GUE MAU SKINCARE AN GUE MAU PAKE FACE WASH MALAH ODOLL GARA GARA GRACIA FUCKKK CANTIK BANGET MOMMY httpstcoqHCLkuMGot,beutedegre
Tiba kepikiran untuk mulai skincarean Selama ini w bodo amatan dan males pake skincare Sampe suatu waktu temen kantor bilang kak  kok muka lo kusam bgt si Gua sadar sih emg muka gua kusam  tapi pas temen kantor yg ngomong begitu  kek langsung deg  oke skincarean deh gua,BundaranHIAstra
its time to racuninskincare korea  cocok deh nih buat yang cari skincare JUMBOOOOO httpstcoWzihslvvpi,diveppie
Aku mau giveaway skincare Skinmee Dualmee Series Youthful untuk  orang pemenang  Follow Dchangeskincare dan OfficialSkinmee  RT Like  komen MAU  Yuk marii  zonauang zonajajan zonabu zonaba httpstcoglYuGpE,Dchangeskincare
 GA BOONG  AKU MAU NANGIS tp mmf  akan ak tahan demi skincare sayang bgt skincare kena air mata ,convomf
convomfs Kalian perbulan abis berapa buat skincare,SatriaWijaya
baru cobain sunscreen dari OMG ternyata enak bgt teksturnya  dia mudah diblend  bikin lembab  no whitecast  dan yang penting ngga bikin perih di mata   Sunscreen ini juga udah lulus Uji SPF  dengan In Vivo test  bisa jadi resolusi skincare  nih racuninskincare httpstcocdlVqKVBIP,foliskincalters
Berjaya tangkap MiezTA punya tallow skincare waktu  haritu Tallow cream tu best giler esp bila pakai before tido Very moisturising and hydrating  bangun tido rasa plump Trust me when I say for this effect harga dia patut laaaagi mahal Ive been around many brands httpstcozGNEQukdIw,oyhoyhoney
Kesel bgt gue abis skincare an malah nangisin ini httpstconSXwZIx,HEELIFTtwt
Suami tak kena provide skincare ya Skincare bukan keperluan  boleh hidup tanpa skincare,JibrilZul
 jimmysea mini au  ini cuma tentang jimmy  si beauty influencer di twitter yang abis review skincare terus disenggol sama user rese yang keliatannya benci tanpa alesan sama dia httpstcoESWdGEbro,mynomnomies
Rak kosmetikmake upskincare bentuk telur       httpstcourQjTsLMS httpstcoaDseMKYqGY,dohdios
Baby juga butuh skincare loh Bun  yuk simak apa aja skincare untuk si gemoy   A Thread ,proqgram
Haii semuanya Aku mau minta tolong buat isi kuesioner skripsi aku tentang Stray Kids X Nacific Kriteria respondennya pengguna skincare yang pernah melihat konten promosi Stray Kids X Nacific di Instagram Nacific  httpstcosWtvDcPeOh,yangmahalino
manifesting skincare aku makin work untuk mencapai glass skin httpstcohiUmXBS,apocadoo
Ramai yang share their skincare  this is mineee   PST jelita KL i tertinggal  httpstcoVDkfJVrtYP,ayeitszhi
seneng bgt di tahun  ini ud nemu skincare method yg works bgt di aku SKIN MINIMALISM  overall taun ini jd jarang jerawatan amp kyk makin simple routine aku  kulit jg malah jd sehat amp ga berulah aneh gitu loh   aku mau share experience aku ya racuninskincare httpstcolMIyNCWey,nna
share beberapa skincare dan lipcare yang aku pakeee yuu httpstcovbueExCpJh,xilegurlss
Benda ni betul Skincare bukan keperluan Takde skincare pun boleh hidup Dengan syarat  berbalik kepada bahanbahan alami Korang percaya sangatlah produk tu yang buat kulit korang cantik padahal pemakanan  tidur pun kena ambil kira juga,serenemeren
Akhir ini kulit lagi rewel  muncul jerawat cukup lama dan ga ilang pake skincare yang bisa aku pake Akhirnya nyobain serum ini dan alhamdulillah membaik dalam  hari httpstcoLrAajBR,rosanrhls
Food stuffs  Skincare  Sanitary pads  hospital bills School fees,Simifoodies
Quotesnya kebanyakan cewek yang mau cowoknya sadar kebersihan amp peduli sama kulitnya dgn skincare basic atau setidaknya PAHAM BUAT MERAWAT DIRI Thats what we want Jadi kalo tongkrongan lo blg jadi cowok yang pake skincare dan ngerawat diri tuh gak laki  gak usah dengerin,dewisutrisno
skincare abis barengan  cryyyyy httpstcovXwqSOKB,ratuk
Sabun  shampo  skincare  pasta gigi dll mengandung bahan kimia semua ,AymanAlatas
Percuma pake skincare mahal tapi ga double cleansing Kulitmu sebenernya belum bersih loh   Walaupun ga kemanamana tapi segala macam debu  kotoran tetep nempel di kulit Kalo pake facial wash doang kurang bersih  pasti besoknya langsung muncul jerawat httpstcozkTMXegIaU,caramelsals
Thanks to oaseaid karena liburan kali ini ga usah bawa skincare serombongan   Ini definisi simple but powerful  cuman pake  produk aja kulit jadi healthy glow  httpstcoUziOvWgQ,iyangozza
Ya ampun abis skincare annaja dibikin salting  httpstcoFfJTzIdB,moanawajunie
JISOO being triple global ambassador for Dior   Fashion  Beauty   Skincare  httpstcoUYYCLnzld,almsooyaaa
oke karena aku sudah gajian aku akan buat gedor pt  hehehe  reply apapun barang yang kamu ingini gaboleh barang kpop ya boleh makeup  skincare  tas baju  dll btw utk merk nya dr aku random aja ya ongkir ditanggung pemenang ,koozipz
abis trial n error produk yang bisa bikin lututku mulus kembali  ketemu lah sama no bump lotion dari rintik skincare ini  mau sungkem  before kulit kasar  ada chicken skin after mulusss dan lembab piyripyu httpstcoPPajVot,yurskies
bodoamat kalau dibilang ngebosenin  tapi emang moisturizer skintific ini BAGUS mau gimana lagi kulit aku suka poool  moisturizer andalan kalau kulit lagi ada problem  tapi takut pake skincare banyak  ya pasti aku selalu pakein moisturizer ini aja racuninskincare httpstcoFfJduUncBo,linskinjournal
Wts skincare underprice new  stok pribadi jadi aku jual murah aja Bisa co di httpstcoNyDoIUIi yaa  wts wtb zonauang zonajajan zonaBU httpstcocICQewij,picuandmicu
ya allah kenapa semua skincare habis diwaktu bersamaan anjr,ayjaeverse
AmeeRamly Betul la org ckp Kita sibuk dengan skincare tp our skin doesnt care,aienzainal
Skincare  cardigan  or tws,soruery
Salah satu brand skincare yg selalu kubawa kalo lg liburan karena simple amp powerful  Ini tonernya aku cinta bgt bgt Hidrasinya selalu pas amp bikin kulit sehat  Face oilnya jg super ringan tp ngelembapin bgt Bantu mudarin bekas jerawat juga httpstcoCbebCGFYf,bakuchiollyc
RacuninSkincare   Penyelamat kulitku saat lagi traveling Kalau lagi liburan gini pasti aku tuh cari skincare yang simple tapi tetep harus hydrating biar kulitku yang dryskin ini ga gampang iritasi dan ada dry patches nya Udah cinta bgt sama oil serum nya oasea ini dari lama httpstcotOkwulyZR,thisiskiaaa
Tahun baru  butuh skincare baru juga ga sih  Nah kebetulan aku lagi tertarik nih nyobain Glow Kit dari itsomgbeauty Salah satu brand naungan PT Paragon  so pasti aman ga kaleng httpstcoxElkiBvWJ,catyzenn
Giveaway skincare worth to k spesial akhir tahun   Syaratnya  follow httpstcoaHzOtomZ amp httpstcoYsiddizWa  RT  like tweet ini  rep username untuk aku cek  ongkir ditanggung pemenang  goodluck  racuninskincare httpstcoeGPZsnGpL,criticalcrimes
meinmokhtar Skincare mahal  baju mahal tu sume untuk kau mat Kang bini muka serabai kau serabut cari lain pulak kata bini tak jaga muka tak jaga badan Ni aku marah ni,Bintunnoh
sorry ya  org yg dok promote supplement kulit cantik ni mohon gugurkan filter dari social media  xbaik tipu followers  yg dah jmpa live tahu mcmana kulit muka tu  tempek lah skincare ribu  kalau tidur x ckup  minum air tak cukup  bersenam malas  jgn harap  kbai,fsyafique
Ada yang lagi komedoanbruntusanjerawatankusam atau kayak aku punya bekas jerawat kemerahan  Yoookk rajin exfo x seminggu  pake brightening skincare pagi malem httpstcoSMoBUKuNX,beautyngy
satu hal yang paling penting dalam tahap skincare  yaitu double cleansing  sepenting itu  walaupun cuma berkegiatan dirumah aja  apalagi keluar rumah amp pake makeup  harus banget double cleansing biar ngga ada debu nempel di muka  racuninskincare httpstcooXjqTWMbE,arccsia
Kalau aku ngadain give away bagi bagi skincare preloved ku pada mau gak ya,cacabil
afqhzm amyranadyaa Kalau suami tak provide skincare  jangan marah bini tak cantik  jangan marah bini cari duit tepi beli skincare Jangan halang bini cari duit demi beli skincare Kalau isteri baik  dia tak akan ckp suami tak bertanggungjawab kalau dia dah usaha sehabis baik utk provide semua,blackmelur
 Urutan rutinitas sebelum tidur kalian gimana   A Sikat gigi  cuci muka  pake skincare  tidur B Cuci muka  sikat gigi  pake skincare  tidur  A atau B,convomfs
Liburan kali ini ngga mau ribet sendiri dengan bawa skincare buanyak  karena aku udah menemukan harta karun yaitu Toner  Face Oil  dan Moisturizer dari oaseaid  Simple but powerful Jadi walaupun lagi holiday tetep glowing  racuninskincare httpstcoVmoWlxSnV,rizsachan
tolong isiin dg sobat skincare  httpstcoqIvfGNfHVL,krakaattau
dalam pemakaian skincare  cleansing itu masuk ke salah satu basic selain protect amp moist pemakaian skincare kita bakalan gak maksimal kalau kulit kita belum dibersihkan dengan benar  walaupun di rumah aja  ttp harus double cleansing karena kulit kita ttp memproduksi minyak dan httpstcouzOAjYgz,nocturnalcutie
tanyakanrl Punya pacar wajib bayarin skincare kah,deotdeot
Skincare buat cowok apa aja sih,gapernahpunah
       basic skincare routine  ,todayisgreendxy
Kemarin tuh aku sempet bingung karna micellar water pink di boikot Karna kulit aku tuh sensitif amp ada jerawat  susah cari skincare yg cocok Akhirnya beraiin diri pake MW Sea Makeup  Ternyata cocok aaaa seneng banget mana segede gini cuma ribuan aja  httpstcoNwddSrRmpL httpstcoTQgznKxZT,seollyuna
kebayang ngga si misal kita pacaran sama chigiri  kita bakal kalah saing   biasanya cewe yang suka lama dandan  kalau sama chigiri bakal kita yang nungguin   soal skincare jugaa  bakalan kalah banyak sama skincare dia yang cowo bllk httpstcoGSLUnOut,bluelockfess
Bangchan masuk mau pegangin keranjang belanja Lee know ikut masuk buat cari sheetmask Changbin ikut masuk soalnya gue minta bayarin fak jadi independent woman Hyunjin ikut masuk soalnya cari skincare tapi gatau mana yang bagus Han ikut masuk soalnya clingy,rinoribahng
Tubuh menjadi keracunan dr polusi pabrik  chemtrail  klorin  hand sanitizer  masker  pemanis  pengawet dimknan  air tercemar  deodoran  parfum  skincare  deterjen  dll  secara musiman tubuh kita membersihkan rumah dan memulai detoksifikasi  selama proses ini  tubuh kita sakit httpstcoJSFQOsLuJ,Banyoe
Akhir tahun  waktunya beberes barang ya ga sih  Jadi aku mau jual stock skincare  bodycare  makeup  fragrance aku biar ga numpuk di rumah Semua produk dibeli di tahun  ini  jadi lifespannya masih panjang banget Barang yang aku jual juga masih baru semua ya,safirayusko
wtb skintific skincare  tawarin apa aja yg bisa voc live zonauang,akucuties
Ive been Scammed   After sending QueenAeesha k yesterday to buy Skincare for herself  she told me shed come to my house to cook a sumptuous meal for me so I had to send her another k to get things from the Market   Till now  i nova see Aeesha Shes tellin me say,jujupunter
Pakek skincare ga banyak  yang intinya saja  yg penting exfo sama double cleansingnya dirajinin httpstcoqKVhf,brownicemilo
ceritanya lagi grebek koleksi skincare nya ponakan  eh pas lagi di eksekusi muka gue dibilang kenyal WGWGWGW  httpstcoXSjUDmzkt,mzcoookie
tvOneNews Hampir seluruh artis  selebgram  youtuber  owner skincare dipaksa untuk dukung rezim karena kalau tidak mereka akan dilumpuhkan usahanya  uang negara triliunan mereka gunakan  PKI sedang bergerak httpstcoTNdvqgAQ,skybenar
beli skincare dulu atw makeup dulu,xilverqween
Ciye yang udah mulai liburan Liburan kmn nih kalian  Btw selama liburan tuh suka males pake banyak step skincare gak sih   Klo aku biasanya selalu punya produk yang simple but powerful yaitu Oceanus Squalane  Vit C Radiance Face Oil Serumnya  oaseaid RacuninSkincare httpstcoiwhPEyQF,yuliayasmine
never beating capres who most likely to do mewing   steps skincare  guasha allegations,URE
Jb wtb preloved skincare or makeup ayo keluarkan semuanyaaa,JUALANAUTOBASE
SUMPAH BROKE LPS BELI SKINCARE,qyszlfaa
Ini sih riil gebrakan baru   Punya kandungan unik berupa Marsturizer dan X Ceramide  moisturizer dari NayeonSkincare ini siap bikin kulit kalian lebih halus dan lembap  lho   Scroll sampe abis yaaa  racuninskincare  LevelUpYourGlow xHAxLebihGlowing httpstcohgkmcf,sunfloliz
udah ya pulang  apus make up  mandi  skincare an  balur badan pake GPU  tidur httpstcoMKcrhKOCq,sighsense
review skincare yang ngebantu pengobatan jerawat aku dari  akhir ini   hope this help youuu  A thread,Tobiiiita
WKWK DITANYA SKINCARE DIJAWAB NASI GORENG FAK KATA GUE TEH  httpstcoTjlUmZ,terlaluzuzur
Minimal skincare an lah  jerawatmu iku lo  w be like mkst httpstcondfvPItmCf,inireginalo
Rone say jo glow ata hai wo koi skincare product bhi nahi laa sakti ,Nimi
abis asmr packing photocard sekarang asmr skincare  akalakalan siapa sih ini  deobo httpstcoLAbOQbRM,hjsmjswb
jatuh cinta sama produk skincare yg ada centella nya karna kemerahan di mukaku jadi berkurang httpstcoiJgrJbhqK,koalaberumur
REKOMENDASI LIP SERUM LAGI START RIBUAN   A THREAD httpstcoJZZzIYpR,ShopeeCOD
need wh kr yg bisa kirim skincare dong  zonauang,asdfghjliana
JANGAN ANGGAP REMEH DOUBLE CLEANSING   Aku lagi suka banget nih pake Micellar Water nya The Originote  karna effortless buat bersihin makeup  sisa skincare  dan kotoran di wajah  racuninskincare httpstcoWsDsGBRP,ayugotoglow
rekomendasi face wash untuk berbagai tipe kulit                        a thread by meng  racuninskincare httpstcoWKZWuuh,bellispperennis
Sok asik lu skincare httpstcoDltIxkNHC,xngerokokk
Put down the zyn and pick up a skincare routine httpstcojnFysc,TZANAHD
JISOO Global Ambassador of Capture Totale   Christian Dior Beauty announced Jisoo as the official Global Ambassador of the skincare line Capture Totale and launched the global campaign for the new Capture Totale Hyalushot with Jisoo  W Korea  The healthy beauty of httpstcohtVHVYWD,ForeverKimJisoo
convomfs Brand Skincare yg ga cocok buat kalian ,AngPrakarsa
mahkluk halus tuh pake skincare apa sih   kok bisa halus   yeaks,vodkahoppus
I rasa ticer aeyin tu takde kacau orang pun Korang kalau nak jual skincare tak payah la mention makeup tebal macam ticer aeyin eiii marohhh lah,jijieazrin
Pernah dengar tak hydration is the key by Maisarah Mahmud dulu   Now I dah faham sebab hydration is the key to kulit sihat and glowing    ni up kan sikit your hydration skincare game please httpstcoIbjvBQUka,zahragirlytalk
morning skincare routine abis liburan  agak gosong dikiiittttt sih  soalnya perjalanan naik motor JOGMGL mana jogja PUANASEEE RA UMUM  httpstcoMLLNNdqlxU,windanoona
Cuma ngingetin jangan lupa pake skincare sebelum tidur hehe Sebenernya agak males tp harus tetep pake skincare dong biar kulit wajah sehat trus jadi glowing nih muka hehe httpstcoIIsLXPkyX,ahayyfs
Makeup amp skincare   Lip ombre yg lagi sering aku pakek   hannasui boba shade  amp   httpstcoNlegsXFS httpstcoIGhYTIsuU,nocengeng
Ga banyak yang ngomongin wanginya Onix Mexicola ini ya  Jujur wanginya tuh definisi campuran manis dan floral  woody juga  Real mendeskripsikan wangi wanita dewasa racuninparfum httpstcoVMDnbUAVBs,lalalijah
 Seserahanhantaran Tentukan seserahan yang dibutuhkan  contoh Skincare httpstcoScrMJIdBP Bodycare httpstcoJPSruv Tas httpstconuqhnTTroN Sepatu httpstcoxVbRcVzgR httpstcoegGtQeWV,Puspitaaaa
REKOMENDASI PRODUK UNTUK BERBAGAI MASALAH MISS V  A THREAD httpstcowPqHjagyU,ShopeeCOD
Ubel ada ide urebranding imej pepengbison  Gimana kalo personal brandingnya pepeng jadi Pengusaha Skincare yang kaya banget dengan penghasilan M per hari Pasti banyak yang suka Nama brand skincarenya PEPENG GLOW Gimana timses rubymeong mikoceng pupawkwk ikikemul httpstcowPQwiFw,ubelbluebell
Start from now       Desember   Beli skincare hemat hingga   start from K aja lhoo Kamu juga bakalan dapetin hadiah free product Adara   Coba komen produk favorit kamu yang udah repurchase berkalikalii  httpstcoWcwtZtXpg,AdaraID
Butuh rekomendasi face moisturizer yang ga masuk list boikot  selain wardah  emina  dan skincare dari paragon pernah nyoba dan ga pernah cocok ama kulit,todayispat
Dr semua bisnis kecilkecilan yg pernah aku coba mulai dr fnb macaroni schotel  risol panas  pokat kocok  minuman blend  pakaian  sepatusendal  skincare  sampe pernah punya bisnis dekor ulangtahun jg  sejauh ini Sambal Cadas ini yg paling konsisten dan paling cocok di aku httpstcoImkNxHsZJ,amysorayaa
  What do you want in    Alis tebal dan bulu mata panjang nan lentik   Ini solusinya   Nutrishe Nutrilash Eyelash and Eyebrow Serum Avoskin YSB Hybrid Elixir Lash amp Brow Optimizer Serum httpstcoiMmYsS,msbbid
