all_slang,tokens
akhir,['akhir']
tahun,['tahun']
ini,['ini']
aku,['aku']
kulit,['kulit']
wajah,['wajah']
aku,['aku']
dari,['dari']
banyak,['banyak']
bagus,['bagus']
kan,['kan']
kulit,['kulit']
wajah,['wajah']
di,['di']
hajar,['hajar']
terusan,['terusan']
pakai,['pakai']
ini,['ini']
itu,['itu']
setelah,['setelah']
rehat,['rehat']
aku,['aku']
mulai,['mulai']
lagi,['lagi']
dari,['dari']
dan,['dan']
rombongan,['rombongan']
akhir,['akhir']
tahun,['tahun']
mau,['mau']
nomor,['nomor']
berapa,['berapa']
pemenang,['pemenang']
ya,['ya']
dari,['dari']
betul,['betul']
bila,['bila']
datang,['datang']
tak,['tak']
pernah,['pernah']
bagi,['bagi']
nak,['nak']
rasa,['rasa']
jerawat,['jerawat']
bagi,['bagi']
dia,['dia']
bawa,['bawa']
kawan,['kawan']
kawan,['kawan']
lain,['lain']
akan,['akan']
nak,['nak']
yang,['yang']
selalu,['selalu']
pakai,['pakai']
edisi,['edisi']
kalo,['kalo']
lagi,['lagi']
liburan,['liburan']
biasanya,['biasanya']
bawa,['bawa']
mungkin,['mungkin']
sekaligus,['sekaligus']
juga,['juga']
habis,['habis']
beberapa,['beberapa']
sama,['sama']
tapi,['tapi']
aku,['aku']
orang,['orang']
pemenang,['pemenang']
gampang,['gampang']
aku,['aku']
domisili,['domisili']
kamu,['kamu']
tanggal,['tanggal']
Januari,['Januari']
aku,['aku']
tanggung,['tanggung']
bisa,['bisa']
berkembang,['berkembang']
jadi,['jadi']
jualan,['jualan']
jujur,['jujur']
deh,['deh']
siapa,['siapa']
yang,['yang']
rutin,['rutin']
tapi,['tapi']
masih,['masih']
belum,['belum']
maksimal,['maksimal']
mau,['mau']
cerita,['cerita']
waktu,['waktu']
lalu,['lalu']
dan,['dan']
terlalu,['terlalu']
mempan,['mempan']
aku,['aku']
berbagai,['berbagai']
hal,['hal']
ternyata,['ternyata']
tau,['tau']
yang,['yang']
paling,['paling']
ampuh,['ampuh']
pas,['pas']
mau,['mau']
iklan,['iklan']
si,['si']
pura,['pura']
telpon,['telpon']
kabur,['kabur']
dan,['dan']
balik,['balik']
lagi,['lagi']
pas,['pas']
selesai,['selesai']
jadi,['jadi']
ba,['ba']
yang,['yang']
di,['di']
produk,['produk']
banget,['banget']
ada,['ada']
yang,['yang']
sebelum,['sebelum']
beli,['beli']
aja,['aja']
konsultasi,['konsultasi']
dokter,['dokter']
gratis,['gratis']
yang,['yang']
jam,['jam']
jangan,['jangan']
salah,['salah']
ini,['ini']
dengan,['dengan']
premium,['premium']
formulasi,['formulasi']
dokter,['dokter']
tapi,['tapi']
super,['super']
dan,['dan']
ada,['ada']
plug,['plug']
bilang,['bilang']
minta,['minta']
uang,['uang']
buat,['buat']
beli,['beli']
sama,['sama']
parfum,['parfum']
dong,['dong']
uang,['uang']
kakak,['kakak']
kasi,['kasi']
habis,['habis']
depan,['depan']
aja,['aja']
ada,['ada']
uang,['uang']
parfum,['parfum']
kakak,['kakak']
menit,['menit']
kemudian,['kemudian']
buat,['buat']
jajan,['jajan']
sama,['sama']
sama,['sama']
beli,['beli']
cukup,['cukup']
seorang,['seorang']
kakak,['kakak']
tidak,['tidak']
ini,['ini']
video,['video']
bagus,['bagus']
untuk,['untuk']
tahu,['tahu']
bahwa,['bahwa']
pori,['pori']
muka,['muka']
memang,['memang']
bisa,['bisa']
salah,['salah']
satu,['satu']
alasan,['alasan']
pertama,['pertama']
menghemat,['menghemat']
jadi,['jadi']
ke,['ke']
dari,['dari']
buat,['buat']
laser,['laser']
di,['di']
klinik,['klinik']
instan,['instan']
jauh,['jauh']
untuk,['untuk']
memutihkan,['memutihkan']
kulit,['kulit']
gelap,['gelap']
dan,['dan']
tidak,['tidak']
merata,['merata']
person,['person']
malas,['malas']
rajin,['rajin']
nak,['nak']
cantik,['cantik']
cantik,['cantik']
lagi,['lagi']
nak,['nak']
pakai,['pakai']
pun,['pun']
malas,['malas']
kasih,['kasih']
penjelasan,['penjelasan']
singkat,['singkat']
aja,['aja']
semuanya,['semuanya']
emang,['emang']
aku,['aku']
pakai,['pakai']
mungkin,['mungkin']
aku,['aku']
bikin,['bikin']
kalau,['kalau']
dulu,['dulu']
aku,['aku']
normal,['normal']
produk,['produk']
oleh,['oleh']
sampai,['sampai']
muka,['muka']
macam,['macam']
gratis,['gratis']
ini,['ini']
hasil,['hasil']
main,['main']
di,['di']
hal,['hal']
ya,['ya']
pamer,['pamer']
aku,['aku']
dom,['dom']
mana,['mana']
harapan,['harapan']
kalian,['kalian']
di,['di']
tahun,['tahun']
pangan,['pangan']
ada,['ada']
petani,['petani']
panen,['panen']
beli,['beli']
mau,['mau']
hadiah,['hadiah']
khusus,['khusus']
menutup,['menutup']
akhir,['akhir']
tahun,['tahun']
ini,['ini']
ya,['ya']
tapi,['tapi']
sebelum,['sebelum']
lanjut,['lanjut']
lupa,['lupa']
dulu,['dulu']
biar,['biar']
lain,['lain']
tau,['tau']
nak,['nak']
masuk,['masuk']
apa,['apa']
rasa,['rasa']
paling,['paling']
to,['to']
bisnis,['bisnis']
aja,['aja']
yang,['yang']
bisa,['bisa']
kaya,['kaya']
raya,['raya']
juga,['juga']
bisa,['bisa']
habis,['habis']
riset,['riset']
tentang,['tentang']
mengenai,['mengenai']
harga,['harga']
para,['para']
mitra,['mitra']
ada,['ada']
di,['di']
salah,['salah']
satu,['satu']
di,['di']
beberapa,['beberapa']
mal,['mal']
di,['di']
istri,['istri']
beli,['beli']
saya,['saya']
cek,['cek']
jelek,['jelek']
menyegarkan,['menyegarkan']
kembali,['kembali']
ku,['ku']
mari,['mari']
kita,['kita']
tonton,['tonton']
video,['video']
ini,['ini']
lagi,['lagi']
agar,['agar']
hati,['hati']
ini,['ini']
lowong,['lowong']
dan,['dan']
adem,['adem']
kembali,['kembali']
dong,['dong']
aku,['aku']
apaan,['apaan']
nanti,['nanti']
ya,['ya']
bulan,['bulan']
Januari,['Januari']
aku,['aku']
akan,['akan']
spil,['spil']
setiap,['setiap']
azam,['azam']
adalah,['adalah']
untuk,['untuk']
tak,['tak']
tinggal,['tinggal']
ini,['ini']
kuliah,['kuliah']
lagi,['lagi']
buk,['buk']
dosen,['dosen']
alias,['alias']
drop,['drop']
terkait,['terkait']
aku,['aku']
jawab,['jawab']
lokal,['lokal']
yang,['yang']
wajib,['wajib']
kalian,['kalian']
botol,['botol']
kedua,['kedua']
dan,['dan']
baru,['baru']
yang,['yang']
vitamin,['vitamin']
enak,['enak']
ternyata,['ternyata']
tahan,['tahan']
lama,['lama']
juga,['juga']
jam,['jam']
pagi,['pagi']
masih,['masih']
enak,['enak']
di,['di']
baju,['baju']
dong,['dong']
padahal,['padahal']
kena,['kena']
keringat,['keringat']
juga,['juga']
masalah,['masalah']
dan,['dan']
punya,['punya']
,[]
tengah,['tengah']
sumpah,['sumpah']
ingat,['ingat']
pakai,['pakai']
dah,['dah']
cukup,['cukup']
untuk,['untuk']
muka,['muka']
bersih,['bersih']
sekali,['sekali']
pakai,['pakai']
keluar,['keluar']
segala,['segala']
kekotoran,['kekotoran']
lagi,['lagi']
memang,['memang']
tau,['tau']
lepas,['lepas']
guna,['guna']
kalau,['kalau']
bukan,['bukan']
yang,['yang']
ampuh,['ampuh']
jerawat,['jerawat']
di,['di']
atas,['atas']
aja,['aja']
membuktikan,['membuktikan']
sekarang,['sekarang']
giliran,['giliran']
kamu,['kamu']
yuk,['yuk']
aduh,['aduh']
aku,['aku']
makan,['makan']
guna,['guna']
duit,['duit']
sendiri,['sendiri']
beli,['beli']
baju,['baju']
semua,['semua']
padahal,['padahal']
semua,['semua']
suami,['suami']
yang,['yang']
kena,['kena']
pun,['pun']
tak,['tak']
bersyukur,['bersyukur']
ke,['ke']
satu,['satu']
wajib,['wajib']
pas,['pas']
liburan,['liburan']
bawa,['bawa']
ini,['ini']
lembab,['lembab']
bikin,['bikin']
bikin,['bikin']
step,['step']
lebih,['lebih']
ini,['ini']
aja,['aja']
abis,['abis']
ini,['ini']
bakalan,['bakalan']
ikut,['ikut']
masuk,['masuk']
sambil,['sambil']
kesukaan,['kesukaan']
apa,['apa']
tapi,['tapi']
beli,['beli']
aja,['aja']
biar,['biar']
sekalian,['sekalian']
keren,['keren']
berarti,['berarti']
anti,['anti']
banjir,['banjir']
ada,['ada']
mana,['mana']
kembalian,['kembalian']
dikit,['dikit']
buat,['buat']
beli,['beli']
makan,['makan']
makanan,['makanan']
berminyak,['berminyak']
akan,['akan']
ada,['ada']
di,['di']
bibir,['bibir']
natural,['natural']
dan,['dan']
lengket,['lengket']
minyak,['minyak']
canggih,['canggih']
bet,['bet']
ini,['ini']
cuma,['cuma']
bisa,['bisa']
doang,['doang']
bisa,['bisa']
anjir,['anjir']
on,['on']
to,['to']
do,['do']
to,['to']
no,['no']
baik,['baik']
mencegah,['mencegah']
serum,['serum']
masuk,['masuk']
tahapan,['tahapan']
kalo,['kalo']
bisa,['bisa']
boleh,['boleh']
skip,['skip']
kalian,['kalian']
ini,['ini']
ternyata,['ternyata']
emang,['emang']
bagus,['bagus']
banget,['banget']
ya,['ya']
ini,['ini']
aku,['aku']
pakai,['pakai']
rangkaian,['rangkaian']
ada,['ada']
dan,['dan']
cocok,['cocok']
efek,['efek']
dan,['dan']
lebih,['lebih']
bersih,['bersih']
dan,['dan']
,[]
soren,['soren']
kepala,['kepala']
tengok,['tengok']
wanita,['wanita']
cantik,['cantik']
pakai,['pakai']
muka,['muka']
nampak,['nampak']
tak,['tak']
baru,['baru']
lepas,['lepas']
memasak,['memasak']
malas,['malas']
lepas,['lepas']
suka,['suka']
ni,['ni']
sebab,['sebab']
ada,['ada']
on,['on']
tapi,['tapi']
muka,['muka']
long,['long']
term,['term']
wan,['wan']
na,['na']
bodoh,['bodoh']
borong,['borong']
semuanya,['semuanya']
opini,['opini']
pribadi,['pribadi']
masuk,['masuk']
si,['si']
ikut,['ikut']
beli,['beli']
aku,['aku']
mau,['mau']
orang,['orang']
rahasia,['rahasia']
kulit,['kulit']
bagusan,['bagusan']
apa,['apa']
pasti,['pasti']
bikin,['bikin']
bibir,['bibir']
kamu,['kamu']
ke,['ke']
aku,['aku']
mana,['mana']
baru,['baru']
perasan,['perasan']
banyak,['banyak']
gila,['gila']
produk,['produk']
eh,['eh']
banyak,['banyak']
lah,['lah']
kali,['kali']
sebab,['sebab']
ada,['ada']
tak,['tak']
yang,['yang']
dah,['dah']
akan,['akan']
lagi,['lagi']
nak,['nak']
tahu,['tahu']
emang,['emang']
ya,['ya']
ke,['ke']
salon,['salon']
bareng,['bareng']
bareng,['bareng']
jajan,['jajan']
bareng,['bareng']
jajan,['jajan']
baju,['baju']
cantik,['cantik']
bareng,['bareng']
bareng,['bareng']
duh,['duh']
yang,['yang']
mau,['mau']
dari,['dari']
gampang,['gampang']
banget,['banget']
dan,['dan']
ini,['ini']
dengan,['dengan']
produk,['produk']
kamu,['kamu']
merasa,['merasa']
cerdas,['cerdas']
selama,['selama']
ini,['ini']
karena,['karena']
bisa,['bisa']
pilih,['pilih']
produk,['produk']
cuma,['cuma']
efektif,['efektif']
ternyata,['ternyata']
mendukung,['mendukung']
positif,['positif']
kamu,['kamu']
emang,['emang']
luar,['luar']
biasa,['biasa']
aku,['aku']
dukung,['dukung']
terus,['terus']
ya,['ya']
abis,['abis']
ikut,['ikut']
jajan,['jajan']
suka,['suka']
kirim,['kirim']
laporan,['laporan']
kek,['kek']
absen,['absen']
yang,['yang']
ganteng,['ganteng']
saya,['saya']
pernah,['pernah']
cuma,['cuma']
aja,['aja']
abis,['abis']
menemani,['menemani']
aku,['aku']
lemari,['lemari']
di,['di']
kamar,['kamar']
semoga,['semoga']
suka,['suka']
dan,['dan']
bermanfaat,['bermanfaat']
ya,['ya']
aku,['aku']
pilih,['pilih']
dan,['dan']
besok,['besok']
semua,['semua']
ya,['ya']
buat,['buat']
satu,['satu']
muka,['muka']
saja,['saja']
sudah,['sudah']
relatif,['relatif']
mahal,['mahal']
bagaimana,['bagaimana']
dengan,['dengan']
yang,['yang']
bermuka,['bermuka']
lebih,['lebih']
dari,['dari']
satu,['satu']
rusak,['rusak']
susu,['susu']
sebangsa,['sebangsa']
jumpa,['jumpa']
satu,['satu']
yang,['yang']
akan,['akan']
memudahkan,['memudahkan']
urusan,['urusan']
harian,['harian']
untuk,['untuk']
yang,['yang']
ada,['ada']
anak,['anak']
kecik,['kecik']
memang,['memang']
wajib,['wajib']
yang,['yang']
ni,['ni']
suka,['suka']
lebih,['lebih']
ke,['ke']
banyak,['banyak']
tolong,['tolong']
sama,['sama']
kalau,['kalau']
lewat,['lewat']
bekerja,['bekerja']
bakteri,['bakteri']
bakal,['bakal']
tumbuh,['tumbuh']
bulan,['bulan']
hi,['hi']
obat,['obat']
jerawat,['jerawat']
jerawat,['jerawat']
untuk,['untuk']
ini,['ini']
kamu,['kamu']
harus,['harus']
konsultasi,['konsultasi']
dulu,['dulu']
ke,['ke']
beliau,['beliau']
terkait,['terkait']
kondisi,['kondisi']
muka,['muka']
kalian,['kalian']
biasanya,['biasanya']
kalian,['kalian']
butuh,['butuh']
apa,['apa']
dulu,['dulu']
tak,['tak']
percaya,['percaya']
pun,['pun']
penting,['penting']
sebab,['sebab']
pakai,['pakai']
je,['je']
boleh,['boleh']
buat,['buat']
kulit,['kulit']
cantik,['cantik']
silap,['silap']
dah,['dah']
sendiri,['sendiri']
baru,['baru']
tahu,['tahu']
walaupun,['walaupun']
pakai,['pakai']
je,['je']
tapi,['tapi']
dia,['dia']
bagi,['bagi']
perubahan,['perubahan']
yang,['yang']
besar,['besar']
dekat,['dekat']
ada,['ada']
yang,['yang']
juara,['juara']
tapi,['tapi']
dong,['dong']
aku,['aku']
kasih,['kasih']
tau,['tau']
on,['on']
sesuai,['sesuai']
ke,['ke']
pakai,['pakai']
yang,['yang']
jenis,['jenis']
sebab,['sebab']
tak,['tak']
suka,['suka']
jari,['jari']
basah,['basah']
masa,['masa']
buat,['buat']
mau,['mau']
tau,['tau']
susun,['susun']
dulu,['dulu']
mana,['mana']
nak,['nak']
kasi,['kasi']
sebab,['sebab']
buat,['buat']
cowok,['cowok']
biar,['biar']
tahun,['tahun']
depan,['depan']
naga,['naga']
lagi,['lagi']
mau,['mau']
cocok,['cocok']
banget,['banget']
rangkaian,['rangkaian']
dari,['dari']
doang,['doang']
kata,['kata']
gue,['gue']
mau,['mau']
jajan,['jajan']
mending,['mending']
buruan,['buruan']
cek,['cek']
sekarang,['sekarang']
dah,['dah']
ni,['ni']
gue,['gue']
beli,['beli']
dari,['dari']
jutaan,['jutaan']
potongan,['potongan']
lagi,['lagi']
jadi,['jadi']
cuma,['cuma']
bayar,['bayar']
beli,['beli']
semua,['semua']
dapat,['dapat']
liburan,['liburan']
pas,['pas']
bawa,['bawa']
dikit,['dikit']
tapi,['tapi']
terus,['terus']
gede,['gede']
biar,['biar']
penuh,['penuh']
di,['di']
tas,['tas']
punya,['punya']
ini,['ini']
buat,['buat']
lebih,['lebih']
enak,['enak']
harus,['harus']
sebagai,['sebagai']
rutin,['rutin']
sebelum,['sebelum']
ini,['ini']
sangat,['sangat']
membantu,['membantu']
buat,['buat']
wajah,['wajah']
lembab,['lembab']
berkurang,['berkurang']
gampang,['gampang']
banget,['banget']
ini,['ini']
contoh,['contoh']
di,['di']
wajah,['wajah']
adik,['adik']
ku,['ku']
liburan,['liburan']
kali,['kali']
ini,['ini']
lagi,['lagi']
bawa,['bawa']
banyak,['banyak']
adalah,['adalah']
aku,['aku']
demi,['demi']
menghemat,['menghemat']
dan,['dan']
kami,['kami']
tahun,['tahun']
hadapan,['hadapan']
adalah,['adalah']
lebih,['lebih']
efektif,['efektif']
inovatif,['inovatif']
pada,['pada']
harga,['harga']
jauh,['jauh']
level,['level']
lebih,['lebih']
murah,['murah']
daripada,['daripada']
produk,['produk']
dan,['dan']
Indonesia,['Indonesia']
kami,['kami']
diri,['diri']
sendiri,['sendiri']
ni,['ni']
boleh,['boleh']
tak,['tak']
produk,['produk']
pernah,['pernah']
aku,['aku']
pakai,['pakai']
ya,['ya']
isi,['isi']
ada,['ada']
di,['di']
gampang,['gampang']
pol,['pol']
aku,['aku']
ini,['ini']
mau,['mau']
paket,['paket']
karena,['karena']
yang,['yang']
sayang,['sayang']
sama,['sama']
aku,['aku']
aku,['aku']
buat,['buat']
sayang,['sayang']
sendiri,['sendiri']
aja,['aja']
makan,['makan']
yang,['yang']
enak,['enak']
enak,['enak']
beli,['beli']
meskipun,['meskipun']
burik,['burik']
baju,['baju']
yang,['yang']
bagus,['bagus']
dandan,['dandan']
walaupun,['walaupun']
jelek,['jelek']
to,['to']
cuma,['cuma']
diri,['diri']
sendiri,['sendiri']
bahagia,['bahagia']
aja,['aja']
pasti,['pasti']
muncul,['muncul']
banyak,['banyak']
to,['to']
adalah,['adalah']
si,['si']
ini,['ini']
klop,['klop']
sama,['sama']
ini,['ini']
dan,['dan']
botol,['botol']
banget,['banget']
buat,['buat']
jerawat,['jerawat']
maupun,['maupun']
baru,['baru']
baru,['baru']
cocok,['cocok']
mumpung,['mumpung']
lagi,['lagi']
sale,['sale']
jadi,['jadi']
beli,['beli']
aja,['aja']
mangkok,['mangkok']
habis,['habis']
mahal,['mahal']
bisa,['bisa']
kenyang,['kenyang']
muntah,['muntah']
maksud,['maksud']
apa,['apa']
aja,['aja']
di,['di']
kurang,['kurang']
puas,['puas']
doang,['doang']
rasa,['rasa']
jamur,['jamur']
ayam,['ayam']
enak,['enak']
lah,['lah']
uma,['uma']
de,['de']
sua,['sua']
na,['na']
kita,['kita']
ulang,['ulang']
tahun,['tahun']
dengan,['dengan']
mengucapkan,['mengucapkan']
dan,['dan']
juga,['juga']
harapan,['harapan']
untuk,['untuk']
ada,['ada']
untuk,['untuk']
orang,['orang']
yang,['yang']
beruntung,['beruntung']
to,['to']
lot,['lot']
kali,['kali']
ini,['ini']
mau,['mau']
yang,['yang']
biasa,['biasa']
aku,['aku']
butuh,['butuh']
banyak,['banyak']
step,['step']
yang,['yang']
terpenting,['terpenting']
konsisten,['konsisten']
kalo,['kalo']
lagi,['lagi']
butuh,['butuh']
jangan,['jangan']
skip,['skip']
cara,['cara']
ini,['ini']
kamera,['kamera']
depan,['depan']
kamera,['kamera']
belakang,['belakang']
gentong,['gentong']
yang,['yang']
bakal,['bakal']
jadi,['jadi']
to,['to']
kulit,['kulit']
ini,['ini']
pertama,['pertama']
kali,['kali']
tertarik,['tertarik']
setelah,['setelah']
liat,['liat']
ketika,['ketika']
sama,['sama']
kalo,['kalo']
kulit,['kulit']
lagi,['lagi']
banyak,['banyak']
problem,['problem']
aku,['aku']
selalu,['selalu']
penggunaan,['penggunaan']
berlebihan,['berlebihan']
pure,['pure']
sekarang,['sekarang']
aku,['aku']
lagi,['lagi']
baik,['baik']
aku,['aku']
di,['di']
emang,['emang']
memperbaiki,['memperbaiki']
menjaga,['menjaga']
banget,['banget']
ketemu,['ketemu']
rangkaian,['rangkaian']
tapi,['tapi']
pas,['pas']
buat,['buat']
kebutuhan,['kebutuhan']
buat,['buat']
,[]
lah,['lah']
sudah,['sudah']
aku,['aku']
pasang,['pasang']
susuk,['susuk']
lagi,['lagi']
jerawatan,['jerawatan']
emang,['emang']
suka,['suka']
kesel,['kesel']
ya,['ya']
aku,['aku']
sih,['sih']
ada,['ada']
aku,['aku']
fokus,['fokus']
yang,['yang']
mengandung,['mengandung']
dan,['dan']
kayak,['kayak']
dari,['dari']
pernah,['pernah']
terjadi,['terjadi']
tak,['tak']
bila,['bila']
pakai,['pakai']
tapi,['tapi']
tak,['tak']
nampak,['nampak']
perubahan,['perubahan']
pun,['pun']
ada,['ada']
jumpa,['jumpa']
satu,['satu']
mudah,['mudah']
untuk,['untuk']
produk,['produk']
kita,['kita']
pakai,['pakai']
berfungsi,['berfungsi']
dengan,['dengan']
baik,['baik']
akun,['akun']
kita,['kita']
kenangan,['kenangan']
paling,['paling']
kamu,['kamu']
ingat,['ingat']
bersama,['bersama']
dan,['dan']
pesan,['pesan']
untuk,['untuk']
beliau,['beliau']
dan,['dan']
pemenang,['pemenang']
pada,['pada']
wajib,['wajib']
punya,['punya']
wajah,['wajah']
untuk,['untuk']
menenangkan,['menenangkan']
kulit,['kulit']
lagi,['lagi']
rasanya,['rasanya']
kalau,['kalau']
belum,['belum']
punya,['punya']
ini,['ini']
di,['di']
rangkaian,['rangkaian']
rutin,['rutin']
kalian,['kalian']
kesel,['kesel']
kalo,['kalo']
lagi,['lagi']
kulit,['kulit']
jadi,['jadi']
sensitif,['sensitif']
iritasi,['iritasi']
atau,['atau']
berjerawat,['berjerawat']
kalo,['kalo']
kulit,['kulit']
lagi,['lagi']
biasanya,['biasanya']
aku,['aku']
mau,['mau']
banyak,['banyak']
layer,['layer']
dan,['dan']
buat,['buat']
eksfoliasi,['eksfoliasi']
biasanya,['biasanya']
aku,['aku']
lebih,['lebih']
pilih,['pilih']
aku,['aku']
mau,['mau']
nih,['nih']
yang,['yang']
bikin,['bikin']
kulit,['kulit']
makin,['makin']
sensitif,['sensitif']
beberapa,['beberapa']
bulan,['bulan']
ini,['ini']
aku,['aku']
penggunaan,['penggunaan']
aku,['aku']
ternyata,['ternyata']
bagus,['bagus']
di,['di']
kulit,['kulit']
aku,['aku']
,[]
ke,['ke']
ki,['ki']
ka,['ka']
hi,['hi']
nahi,['nahi']
lagi,['lagi']
menuju,['menuju']
resolusi,['resolusi']
untuk,['untuk']
kulit,['kulit']
cerah,['cerah']
sehat,['sehat']
dan,['dan']
aku,['aku']
sama,['sama']
dari,['dari']
yuk,['yuk']
aku,['aku']
nak,['nak']
ni,['ni']
sebab,['sebab']
dah,['dah']
banyak,['banyak']
rak,['rak']
dah,['dah']
penuh,['penuh']
gila,['gila']
boleh,['boleh']
yang,['yang']
sangat,['sangat']
ni,['ni']
ke,['ke']
je,['je']
dalam,['dalam']
mini,['mini']
dalam,['dalam']
satu,['satu']
tak,['tak']
caya,['caya']
tengok,['tengok']
musim,['musim']
liburan,['liburan']
pasti,['pasti']
kan,['kan']
mau,['mau']
bawa,['bawa']
mana,['mana']
nah,['nah']
aku,['aku']
suka,['suka']
nih,['nih']
produk,['produk']
mereka,['mereka']
definisi,['definisi']
kulit,['kulit']
jadi,['jadi']
tetap,['tetap']
terawat,['terawat']
walaupun,['walaupun']
lagi,['lagi']
liburan,['liburan']
kamu,['kamu']
penasaran,['penasaran']
mana,['mana']
nih,['nih']
ini,['ini']
menurut,['menurut']
aku,['aku']
deh,['deh']
bisa,['bisa']
jadi,['jadi']
sekaligus,['sekaligus']
kulit,['kulit']
karena,['karena']
ada,['ada']
kandungan,['kandungan']
pas,['pas']
juga,['juga']
langsung,['langsung']
kayak,['kayak']
dan,['dan']
adalah,['adalah']
ketika,['ketika']
cowok,['cowok']
masuk,['masuk']
ke,['ke']
mereka,['mereka']
bawa,['bawa']
pas,['pas']
lagi,['lagi']
main,['main']
atau,['atau']
apa,['apa']
lah,['lah']
mana,['mana']
kehadiran,['kehadiran']
si,['si']
cewek,['cewek']
cuma,['cuma']
penonton,['penonton']
doang,['doang']
do,['do']
to,['to']
stroke,['stroke']
ego,['ego']
bad,['bad']
banget,['banget']
bisa,['bisa']
produk,['produk']
ini,['ini']
tepat,['tepat']
itu,['itu']
bisa,['bisa']
juga,['juga']
jadi,['jadi']
penyelamat,['penyelamat']
kulit,['kulit']
saat,['saat']
kayak,['kayak']
apa,['apa']
apa,['apa']
harus,['harus']
sat,['sat']
set,['set']
bikin,['bikin']
step,['step']
juga,['juga']
jadi,['jadi']
lebih,['lebih']
ringkas,['ringkas']
buat,['buat']
kulit,['kulit']
,[]
dia,['dia']
kena,['kena']
rajin,['rajin']
lah,['lah']
buat,['buat']
tiap,['tiap']
hari,['hari']
rasa,['rasa']
macam,['macam']
susah,['susah']
tapi,['tapi']
bila,['bila']
dah,['dah']
biasa,['biasa']
senang,['senang']
je,['je']
je,['je']
benda,['benda']
yang,['yang']
hari,['hari']
kita,['kita']
guna,['guna']
yang,['yang']
kita,['kita']
beli,['beli']
dari,['dari']
makanan,['makanan']
baju,['baju']
semua,['semua']
mana,['mana']
tukang,['tukang']
lagi,['lagi']
tau,['tau']
rumah,['rumah']
anak,['anak']
punya,['punya']
ya,['ya']
balik,['balik']
ke,['ke']
duit,['duit']
cukup,['cukup']
buat,['buat']
kebutuhan,['kebutuhan']
rumah,['rumah']
lo,['lo']
dia,['dia']
menurun,['menurun']
rasa,['rasa']
ingin,['ingin']
kena,['kena']
letak,['letak']
filter,['filter']
situ,['situ']
supaya,['supaya']
tak,['tak']
ada,['ada']
jerawat,['jerawat']
badan,['badan']
kepala,['kepala']
atau,['atau']
muka,['muka']
dah,['dah']
guna,['guna']
air,['air']
untuk,['untuk']
mandi,['mandi']
badan,['badan']
pun,['pun']
bebas,['bebas']
daripada,['daripada']
jerawat,['jerawat']
aku,['aku']
ni,['ni']
tengah,['tengah']
mahal,['mahal']
duit,['duit']
tak,['tak']
muka,['muka']
dia,['dia']
takat,['takat']
aku,['aku']
tak,['tak']
tau,['tau']
pun,['pun']
do,['do']
ini,['ini']
ini,['ini']
kenapa,['kenapa']
ini,['ini']
kamis,['kamis']
on,['on']
man,['man']
pelajar,['pelajar']
dan,['dan']
pemula,['pemula']
yang,['yang']
lagi,['lagi']
ada,['ada']
masalah,['masalah']
jerawat,['jerawat']
bakal,['bakal']
suka,['suka']
serum,['serum']
ini,['ini']
juga,['juga']
kenapa,['kenapa']
habis,['habis']
semua,['semua']
once,['once']
ingat,['ingat']
ada,['ada']
duit,['duit']
ke,['ke']
kedua,['kedua']
yang,['yang']
satu,['satu']
ini,['ini']
eco,['eco']
banget,['banget']
jadi,['jadi']
mengurangi,['mengurangi']
limbah,['limbah']
cuman,['cuman']
satu,['satu']
wadah,['wadah']
aja,['aja']
buat,['buat']
di,['di']
pada,['pada']
tau,['tau']
produk,['produk']
baru,['baru']
tebak,['tebak']
apa,['apa']
ini,['ini']
pertama,['pertama']
kali,['kali']
ada,['ada']
di,['di']
Indonesia,['Indonesia']
dengan,['dengan']
pikir,['pikir']
lama,['lama']
langsung,['langsung']
aku,['aku']
dan,['dan']
bilang,['bilang']
kalau,['kalau']
dia,['dia']
lulusan,['lulusan']
biasa,['biasa']
dan,['dan']
masuk,['masuk']
dia,['dia']
bilang,['bilang']
mungkin,['mungkin']
jadi,['jadi']
yang,['yang']
tentang,['tentang']
dan,['dan']
bisa,['bisa']
jadi,['jadi']
tenang,['tenang']
makanan,['makanan']
bila,['bila']
buat,['buat']
wajib,['wajib']
kan,['kan']
serum,['serum']
ni,['ni']
sekali,['sekali']
suka,['suka']
sangat,['sangat']
sangat,['sangat']
memang,['memang']
akan,['akan']
pakai,['pakai']
dah,['dah']
nak,['nak']
habis,['habis']
sampai,['sampai']
kena,['kena']
goncang,['goncang']
setiap,['setiap']
kali,['kali']
nak,['nak']
pakai,['pakai']
na,['na']
jadi,['jadi']
pertama,['pertama']
buat,['buat']
lelaki,['lelaki']
kau,['kau']
tapi,['tapi']
no,['no']
sungguh,['sungguh']
tak,['tak']
adil,['adil']
to,['to']
global,['global']
sat,['sat']
set,['set']
buat,['buat']
belum,['belum']
tau,['tau']
lokal,['lokal']
loh,['loh']
sangat,['sangat']
aku,['aku']
deh,['deh']
bakal,['bakal']
masuk,['masuk']
cocok,['cocok']
sama,['sama']
kulit,['kulit']
sensitif,['sensitif']
kuliah,['kuliah']
singkat,['singkat']
kenapa,['kenapa']
kita,['kita']
harus,['harus']
alergi,['alergi']
bisa,['bisa']
ganti,['ganti']
sama,['sama']
lain,['lain']
kalo,['kalo']
semua,['semua']
dia,['dia']
semuanya,['semuanya']
kalo,['kalo']
bakal,['bakal']
yang,['yang']
tipe,['tipe']
orang,['orang']
yang,['yang']
susah,['susah']
sama,['sama']
produk,['produk']
tapi,['tapi']
,[]
untuk,['untuk']
mulai,['mulai']
ini,['ini']
amatan,['amatan']
dan,['dan']
suatu,['suatu']
waktu,['waktu']
kantor,['kantor']
bilang,['bilang']
kak,['kak']
kok,['kok']
muka,['muka']
lo,['lo']
kusam,['kusam']
si,['si']
sadar,['sadar']
sih,['sih']
muka,['muka']
gua,['gua']
kusam,['kusam']
tapi,['tapi']
pas,['pas']
kantor,['kantor']
begitu,['begitu']
kek,['kek']
langsung,['langsung']
oke,['oke']
deh,['deh']
gua,['gua']
to,['to']
cocok,['cocok']
deh,['deh']
nih,['nih']
buat,['buat']
yang,['yang']
cari,['cari']
mau,['mau']
untuk,['untuk']
orang,['orang']
pemenang,['pemenang']
dan,['dan']
akan,['akan']
tahan,['tahan']
demi,['demi']
sayang,['sayang']
kena,['kena']
air,['air']
mata,['mata']
abis,['abis']
berapa,['berapa']
buat,['buat']
baru,['baru']
dari,['dari']
ternyata,['ternyata']
enak,['enak']
dia,['dia']
mudah,['mudah']
bikin,['bikin']
lembab,['lembab']
no,['no']
dan,['dan']
yang,['yang']
penting,['penting']
bikin,['bikin']
perih,['perih']
di,['di']
mata,['mata']
ini,['ini']
juga,['juga']
lulus,['lulus']
dengan,['dengan']
bisa,['bisa']
jadi,['jadi']
resolusi,['resolusi']
nih,['nih']
tangkap,['tangkap']
punya,['punya']
waktu,['waktu']
bila,['bila']
pakai,['pakai']
bangun,['bangun']
rasa,['rasa']
harga,['harga']
dia,['dia']
patut,['patut']
mahal,['mahal']
gue,['gue']
abis,['abis']
malah,['malah']
ini,['ini']
tak,['tak']
kena,['kena']
ya,['ya']
bukan,['bukan']
keperluan,['keperluan']
boleh,['boleh']
hidup,['hidup']
tanpa,['tanpa']
mini,['mini']
au,['au']
ini,['ini']
cuma,['cuma']
tentang,['tentang']
si,['si']
di,['di']
yang,['yang']
abis,['abis']
terus,['terus']
sama,['sama']
yang,['yang']
benci,['benci']
tanpa,['tanpa']
sama,['sama']
dia,['dia']
bentuk,['bentuk']
telur,['telur']
juga,['juga']
butuh,['butuh']
loh,['loh']
yuk,['yuk']
simak,['simak']
apa,['apa']
aja,['aja']
untuk,['untuk']
si,['si']
semuanya,['semuanya']
mau,['mau']
minta,['minta']
tolong,['tolong']
buat,['buat']
isi,['isi']
kuesioner,['kuesioner']
skripsi,['skripsi']
aku,['aku']
tentang,['tentang']
pengguna,['pengguna']
yang,['yang']
pernah,['pernah']
promosi,['promosi']
di,['di']
aku,['aku']
makin,['makin']
untuk,['untuk']
yang,['yang']
jelita,['jelita']
tertinggal,['tertinggal']
di,['di']
tahun,['tahun']
ini,['ini']
di,['di']
aku,['aku']
taun,['taun']
ini,['ini']
jarang,['jarang']
jerawatan,['jerawatan']
makin,['makin']
aku,['aku']
kulit,['kulit']
malah,['malah']
sehat,['sehat']
berulah,['berulah']
aneh,['aneh']
loh,['loh']
aku,['aku']
mau,['mau']
aku,['aku']
ya,['ya']
beberapa,['beberapa']
dan,['dan']
yang,['yang']
aku,['aku']
ni,['ni']
betul,['betul']
bukan,['bukan']
keperluan,['keperluan']
pun,['pun']
boleh,['boleh']
hidup,['hidup']
syarat,['syarat']
berbalik,['berbalik']
kepada,['kepada']
alami,['alami']
percaya,['percaya']
produk,['produk']
yang,['yang']
buat,['buat']
kulit,['kulit']
cantik,['cantik']
padahal,['padahal']
tidur,['tidur']
pun,['pun']
kena,['kena']
ambil,['ambil']
kira,['kira']
juga,['juga']
ini,['ini']
kulit,['kulit']
lagi,['lagi']
rewel,['rewel']
muncul,['muncul']
jerawat,['jerawat']
cukup,['cukup']
lama,['lama']
dan,['dan']
yang,['yang']
bisa,['bisa']
aku,['aku']
serum,['serum']
ini,['ini']
dan,['dan']
alhamdulillah,['alhamdulillah']
membaik,['membaik']
dalam,['dalam']
hari,['hari']
hospital,['hospital']
kebanyakan,['kebanyakan']
cewek,['cewek']
yang,['yang']
mau,['mau']
sadar,['sadar']
kebersihan,['kebersihan']
peduli,['peduli']
sama,['sama']
atau,['atau']
setidaknya,['setidaknya']
we,['we']
kalo,['kalo']
tongkrongan,['tongkrongan']
lo,['lo']
jadi,['jadi']
cowok,['cowok']
yang,['yang']
dan,['dan']
diri,['diri']
laki,['laki']
usah,['usah']
abis,['abis']
pasta,['pasta']
gigi,['gigi']
mengandung,['mengandung']
bahan,['bahan']
kimia,['kimia']
semua,['semua']
mahal,['mahal']
tapi,['tapi']
belum,['belum']
bersih,['bersih']
loh,['loh']
tapi,['tapi']
segala,['segala']
macam,['macam']
debu,['debu']
kotoran,['kotoran']
di,['di']
kulit,['kulit']
doang,['doang']
kurang,['kurang']
bersih,['bersih']
pasti,['pasti']
langsung,['langsung']
muncul,['muncul']
jerawat,['jerawat']
to,['to']
karena,['karena']
liburan,['liburan']
kali,['kali']
ini,['ini']
usah,['usah']
bawa,['bawa']
definisi,['definisi']
cuman,['cuman']
produk,['produk']
aja,['aja']
kulit,['kulit']
jadi,['jadi']
ampun,['ampun']
abis,['abis']
global,['global']
oke,['oke']
karena,['karena']
aku,['aku']
sudah,['sudah']
gajian,['gajian']
aku,['aku']
akan,['akan']
buat,['buat']
gedor,['gedor']
barang,['barang']
yang,['yang']
kamu,['kamu']
barang,['barang']
ya,['ya']
boleh,['boleh']
tas,['tas']
baju,['baju']
aku,['aku']
aja,['aja']
ya,['ya']
pemenang,['pemenang']
abis,['abis']
produk,['produk']
yang,['yang']
bisa,['bisa']
bikin,['bikin']
mulus,['mulus']
kembali,['kembali']
ketemu,['ketemu']
lah,['lah']
sama,['sama']
no,['no']
dari,['dari']
rintik,['rintik']
ini,['ini']
mau,['mau']
sungkem,['sungkem']
kulit,['kulit']
kasar,['kasar']
ada,['ada']
dan,['dan']
lembab,['lembab']
kalau,['kalau']
tapi,['tapi']
emang,['emang']
ini,['ini']
mau,['mau']
lagi,['lagi']
kulit,['kulit']
aku,['aku']
suka,['suka']
andalan,['andalan']
kalau,['kalau']
kulit,['kulit']
lagi,['lagi']
ada,['ada']
problem,['problem']
tapi,['tapi']
takut,['takut']
banyak,['banyak']
ya,['ya']
pasti,['pasti']
aku,['aku']
selalu,['selalu']
ini,['ini']
aja,['aja']
stok,['stok']
pribadi,['pribadi']
jadi,['jadi']
aku,['aku']
jual,['jual']
murah,['murah']
aja,['aja']
di,['di']
ya,['ya']
kenapa,['kenapa']
semua,['semua']
habis,['habis']
bersamaan,['bersamaan']
la,['la']
sibuk,['sibuk']
dengan,['dengan']
,[]
satu,['satu']
selalu,['selalu']
kalo,['kalo']
liburan,['liburan']
karena,['karena']
aku,['aku']
cinta,['cinta']
selalu,['selalu']
pas,['pas']
bikin,['bikin']
kulit,['kulit']
sehat,['sehat']
super,['super']
ringan,['ringan']
bekas,['bekas']
jerawat,['jerawat']
juga,['juga']
saat,['saat']
lagi,['lagi']
lagi,['lagi']
liburan,['liburan']
pasti,['pasti']
aku,['aku']
cari,['cari']
yang,['yang']
tapi,['tapi']
harus,['harus']
biar,['biar']
yang,['yang']
ini,['ini']
gampang,['gampang']
iritasi,['iritasi']
dan,['dan']
ada,['ada']
cinta,['cinta']
sama,['sama']
serum,['serum']
ini,['ini']
dari,['dari']
lama,['lama']
baru,['baru']
butuh,['butuh']
baru,['baru']
juga,['juga']
sih,['sih']
kebetulan,['kebetulan']
aku,['aku']
lagi,['lagi']
tertarik,['tertarik']
nih,['nih']
dari,['dari']
satu,['satu']
naungan,['naungan']
pasti,['pasti']
aman,['aman']
kaleng,['kaleng']
to,['to']
spesial,['spesial']
akhir,['akhir']
tahun,['tahun']
ini,['ini']
untuk,['untuk']
aku,['aku']
cek,['cek']
pemenang,['pemenang']
mahal,['mahal']
baju,['baju']
mahal,['mahal']
untuk,['untuk']
kau,['kau']
mat,['mat']
bini,['bini']
muka,['muka']
serabai,['serabai']
kau,['kau']
serabut,['serabut']
cari,['cari']
lain,['lain']
kata,['kata']
bini,['bini']
tak,['tak']
jaga,['jaga']
muka,['muka']
tak,['tak']
jaga,['jaga']
badan,['badan']
aku,['aku']
marah,['marah']
ni,['ni']
ya,['ya']
dok,['dok']
kulit,['kulit']
cantik,['cantik']
ni,['ni']
mohon,['mohon']
filter,['filter']
dari,['dari']
media,['media']
tipu,['tipu']
dah,['dah']
tahu,['tahu']
kulit,['kulit']
muka,['muka']
tempek,['tempek']
lah,['lah']
ribu,['ribu']
kalau,['kalau']
tidur,['tidur']
minum,['minum']
air,['air']
tak,['tak']
cukup,['cukup']
bersenam,['bersenam']
malas,['malas']
harap,['harap']
yang,['yang']
lagi,['lagi']
atau,['atau']
kayak,['kayak']
aku,['aku']
punya,['punya']
bekas,['bekas']
jerawat,['jerawat']
kemerahan,['kemerahan']
rajin,['rajin']
pagi,['pagi']
satu,['satu']
hal,['hal']
yang,['yang']
paling,['paling']
penting,['penting']
dalam,['dalam']
tahap,['tahap']
yaitu,['yaitu']
itu,['itu']
walaupun,['walaupun']
cuma,['cuma']
berkegiatan,['berkegiatan']
aja,['aja']
apalagi,['apalagi']
keluar,['keluar']
rumah,['rumah']
harus,['harus']
banget,['banget']
biar,['biar']
ada,['ada']
debu,['debu']
di,['di']
muka,['muka']
aku,['aku']
bagi,['bagi']
bagi,['bagi']
ku,['ku']
pada,['pada']
mau,['mau']
ya,['ya']
suami,['suami']
tak,['tak']
jangan,['jangan']
marah,['marah']
bini,['bini']
tak,['tak']
cantik,['cantik']
jangan,['jangan']
marah,['marah']
bini,['bini']
cari,['cari']
duit,['duit']
tepi,['tepi']
beli,['beli']
halang,['halang']
bini,['bini']
cari,['cari']
duit,['duit']
demi,['demi']
beli,['beli']
baik,['baik']
dia,['dia']
tak,['tak']
akan,['akan']
suami,['suami']
tak,['tak']
kalau,['kalau']
dia,['dia']
dah,['dah']
usaha,['usaha']
sehabis,['sehabis']
baik,['baik']
semua,['semua']
sebelum,['sebelum']
tidur,['tidur']
kalian,['kalian']
gigi,['gigi']
cuci,['cuci']
muka,['muka']
tidur,['tidur']
muka,['muka']
sikat,['sikat']
gigi,['gigi']
tidur,['tidur']
atau,['atau']
kali,['kali']
ini,['ini']
mau,['mau']
sendiri,['sendiri']
dengan,['dengan']
bawa,['bawa']
karena,['karena']
aku,['aku']
menemukan,['menemukan']
harta,['harta']
karun,['karun']
yaitu,['yaitu']
dan,['dan']
dari,['dari']
walaupun,['walaupun']
lagi,['lagi']
tolong,['tolong']
sobat,['sobat']
dalam,['dalam']
pemakaian,['pemakaian']
itu,['itu']
masuk,['masuk']
ke,['ke']
salah,['salah']
satu,['satu']
selain,['selain']
pemakaian,['pemakaian']
kita,['kita']
bakalan,['bakalan']
maksimal,['maksimal']
kalau,['kalau']
kulit,['kulit']
kita,['kita']
belum,['belum']
dengan,['dengan']
benar,['benar']
walaupun,['walaupun']
di,['di']
rumah,['rumah']
aja,['aja']
harus,['harus']
karena,['karena']
kulit,['kulit']
kita,['kita']
memproduksi,['memproduksi']
minyak,['minyak']
dan,['dan']
pacar,['pacar']
wajib,['wajib']
kah,['kah']
buat,['buat']
cowok,['cowok']
apa,['apa']
aja,['aja']
sih,['sih']
,[]
aku,['aku']
bingung,['bingung']
di,['di']
boikot,['boikot']
kulit,['kulit']
aku,['aku']
sensitif,['sensitif']
ada,['ada']
jerawat,['jerawat']
susah,['susah']
cari,['cari']
cocok,['cocok']
diri,['diri']
cocok,['cocok']
banget,['banget']
mana,['mana']
cuma,['cuma']
ribuan,['ribuan']
aja,['aja']
si,['si']
misal,['misal']
kita,['kita']
pacaran,['pacaran']
sama,['sama']
kita,['kita']
bakal,['bakal']
kalah,['kalah']
saing,['saing']
biasanya,['biasanya']
yang,['yang']
suka,['suka']
lama,['lama']
dandan,['dandan']
kalau,['kalau']
sama,['sama']
bakal,['bakal']
kita,['kita']
yang,['yang']
soal,['soal']
bakalan,['bakalan']
kalah,['kalah']
banyak,['banyak']
sama,['sama']
dia,['dia']
yang,['yang']
masuk,['masuk']
mau,['mau']
keranjang,['keranjang']
belanja,['belanja']
ikut,['ikut']
masuk,['masuk']
buat,['buat']
cari,['cari']
ikut,['ikut']
masuk,['masuk']
gue,['gue']
minta,['minta']
jadi,['jadi']
ikut,['ikut']
masuk,['masuk']
cari,['cari']
tapi,['tapi']
mana,['mana']
yang,['yang']
bagus,['bagus']
ikut,['ikut']
masuk,['masuk']
menjadi,['menjadi']
keracunan,['keracunan']
polusi,['polusi']
pabrik,['pabrik']
klorin,['klorin']
masker,['masker']
pemanis,['pemanis']
pengawet,['pengawet']
air,['air']
tercemar,['tercemar']
deodoran,['deodoran']
parfum,['parfum']
secara,['secara']
musiman,['musiman']
tubuh,['tubuh']
kita,['kita']
membersihkan,['membersihkan']
rumah,['rumah']
dan,['dan']
detoksifikasi,['detoksifikasi']
selama,['selama']
proses,['proses']
ini,['ini']
tubuh,['tubuh']
kita,['kita']
sakit,['sakit']
tahun,['tahun']
barang,['barang']
ya,['ya']
sih,['sih']
aku,['aku']
mau,['mau']
jual,['jual']
aku,['aku']
biar,['biar']
di,['di']
rumah,['rumah']
produk,['produk']
di,['di']
tahun,['tahun']
ini,['ini']
jadi,['jadi']
masih,['masih']
panjang,['panjang']
banget,['banget']
yang,['yang']
aku,['aku']
jual,['jual']
juga,['juga']
masih,['masih']
baru,['baru']
semua,['semua']
ya,['ya']
apa,['apa']
aja,['aja']
bisa,['bisa']
sending,['sending']
to,['to']
to,['to']
to,['to']
had,['had']
to,['to']
to,['to']
nova,['nova']
banyak,['banyak']
yang,['yang']
saja,['saja']
penting,['penting']
sama,['sama']
lagi,['lagi']
koleksi,['koleksi']
ponakan,['ponakan']
eh,['eh']
pas,['pas']
lagi,['lagi']
di,['di']
eksekusi,['eksekusi']
muka,['muka']
gue,['gue']
kenyal,['kenyal']
seluruh,['seluruh']
artis,['artis']
untuk,['untuk']
dukung,['dukung']
rezim,['rezim']
karena,['karena']
kalau,['kalau']
tidak,['tidak']
mereka,['mereka']
akan,['akan']
uang,['uang']
negara,['negara']
triliunan,['triliunan']
mereka,['mereka']
sedang,['sedang']
bergerak,['bergerak']
beli,['beli']
dulu,['dulu']
dulu,['dulu']
yang,['yang']
mulai,['mulai']
liburan,['liburan']
nih,['nih']
kalian,['kalian']
selama,['selama']
liburan,['liburan']
suka,['suka']
banyak,['banyak']
step,['step']
sih,['sih']
aku,['aku']
biasanya,['biasanya']
selalu,['selalu']
punya,['punya']
produk,['produk']
yang,['yang']
yaitu,['yaitu']
to,['to']
do,['do']
ayo,['ayo']
,[]
sih,['sih']
riil,['riil']
gebrakan,['gebrakan']
baru,['baru']
kandungan,['kandungan']
unik,['unik']
berupa,['berupa']
dan,['dan']
dari,['dari']
ini,['ini']
siap,['siap']
bikin,['bikin']
kulit,['kulit']
kalian,['kalian']
lebih,['lebih']
halus,['halus']
dan,['dan']
lembap,['lembap']
abis,['abis']
ya,['ya']
pulang,['pulang']
mandi,['mandi']
balur,['balur']
badan,['badan']
tidur,['tidur']
yang,['yang']
pengobatan,['pengobatan']
jerawat,['jerawat']
aku,['aku']
dari,['dari']
akhir,['akhir']
ini,['ini']
,[]
lah,['lah']
lo,['lo']
be,['be']
hai,['hai']
nahi,['nahi']
sakti,['sakti']
abis,['abis']
sekarang,['sekarang']
siapa,['siapa']
sih,['sih']
ini,['ini']
jatuh,['jatuh']
cinta,['cinta']
sama,['sama']
produk,['produk']
ada,['ada']
kemerahan,['kemerahan']
di,['di']
jadi,['jadi']
berkurang,['berkurang']
,[]
bisa,['bisa']
kirim,['kirim']
dong,['dong']
lagi,['lagi']
suka,['suka']
banget,['banget']
nih,['nih']
buat,['buat']
sisa,['sisa']
dan,['dan']
kotoran,['kotoran']
di,['di']
wajah,['wajah']
rekomendasi,['rekomendasi']
untuk,['untuk']
berbagai,['berbagai']
tipe,['tipe']
kulit,['kulit']
lu,['lu']
,[]
as,['as']
global,['global']
cocok,['cocok']
buat,['buat']
kalian,['kalian']
halus,['halus']
apa,['apa']
sih,['sih']
kok,['kok']
bisa,['bisa']
halus,['halus']
rasa,['rasa']
kacau,['kacau']
orang,['orang']
pun,['pun']
kalau,['kalau']
nak,['nak']
jual,['jual']
tak,['tak']
payah,['payah']
la,['la']
tebal,['tebal']
macam,['macam']
lah,['lah']
dengar,['dengar']
tak,['tak']
dulu,['dulu']
dah,['dah']
sebab,['sebab']
to,['to']
kulit,['kulit']
ni,['ni']
kan,['kan']
sikit,['sikit']
abis,['abis']
liburan,['liburan']
agak,['agak']
gosong,['gosong']
sih,['sih']
perjalanan,['perjalanan']
naik,['naik']
motor,['motor']
mana,['mana']
jangan,['jangan']
lupa,['lupa']
sebelum,['sebelum']
tidur,['tidur']
agak,['agak']
harus,['harus']
dong,['dong']
biar,['biar']
kulit,['kulit']
wajah,['wajah']
sehat,['sehat']
jadi,['jadi']
nih,['nih']
muka,['muka']
lagi,['lagi']
sering,['sering']
aku,['aku']
banyak,['banyak']
yang,['yang']
ini,['ini']
ya,['ya']
definisi,['definisi']
campuran,['campuran']
manis,['manis']
dan,['dan']
juga,['juga']
mendeskripsikan,['mendeskripsikan']
wangi,['wangi']
wanita,['wanita']
dewasa,['dewasa']
seserahan,['seserahan']
yang,['yang']
contoh,['contoh']
,[]
ada,['ada']
ide,['ide']
kalo,['kalo']
personal,['personal']
jadi,['jadi']
yang,['yang']
kaya,['kaya']
banget,['banget']
dengan,['dengan']
penghasilan,['penghasilan']
per,['per']
hari,['hari']
banyak,['banyak']
yang,['yang']
suka,['suka']
Desember,['Desember']
hemat,['hemat']
hingga,['hingga']
start,['start']
aja,['aja']
juga,['juga']
bakalan,['bakalan']
hadiah,['hadiah']
produk,['produk']
favorit,['favorit']
kamu,['kamu']
yang,['yang']
rekomendasi,['rekomendasi']
yang,['yang']
masuk,['masuk']
boikot,['boikot']
selain,['selain']
dan,['dan']
dari,['dari']
paragon,['paragon']
pernah,['pernah']
dan,['dan']
pernah,['pernah']
cocok,['cocok']
ama,['ama']
kulit,['kulit']
semua,['semua']
bisnis,['bisnis']
pernah,['pernah']
aku,['aku']
coba,['coba']
mulai,['mulai']
panas,['panas']
kocok,['kocok']
minuman,['minuman']
pakaian,['pakaian']
pernah,['pernah']
punya,['punya']
bisnis,['bisnis']
dekor,['dekor']
sejauh,['sejauh']
ini,['ini']
ini,['ini']
paling,['paling']
konsisten,['konsisten']
dan,['dan']
paling,['paling']
cocok,['cocok']
di,['di']
aku,['aku']
do,['do']
tebal,['tebal']
dan,['dan']
bulu,['bulu']
mata,['mata']
panjang,['panjang']
lentik,['lentik']
